@T,table
Created,2019-11-28 18:35
Author,HortonMachine library
@H,timestamp,value_0
ID,,0
Type,Date,double
Format,yyyy-MM-dd HH:mm,
,2020-12-24 12:00,-9999.0
,2020-12-24 12:01,-9999.0
,2020-12-24 12:02,-9999.0
,2020-12-24 12:03,-9999.0
,2020-12-24 12:04,-9999.0
,2020-12-24 12:05,-9999.0
,2020-12-24 12:06,-9999.0
,2020-12-24 12:07,-9999.0
,2020-12-24 12:08,-9999.0
,2020-12-24 12:09,-9999.0
,2020-12-24 12:10,-9999.0
,2020-12-24 12:11,-9999.0
,2020-12-24 12:12,-9999.0
,2020-12-24 12:13,-9999.0
,2020-12-24 12:14,-9999.0
,2020-12-24 12:15,-9999.0
,2020-12-24 12:16,-9999.0
,2020-12-24 12:17,-9999.0
,2020-12-24 12:18,-9999.0
,2020-12-24 12:19,-9999.0
,2020-12-24 12:20,-9999.0
,2020-12-24 12:21,-9999.0
,2020-12-24 12:22,-9999.0
,2020-12-24 12:23,-9999.0
,2020-12-24 12:24,-9999.0
,2020-12-24 12:25,-9999.0
,2020-12-24 12:26,-9999.0
,2020-12-24 12:27,-9999.0
,2020-12-24 12:28,-9999.0
,2020-12-24 12:29,-9999.0
,2020-12-24 12:30,-9999.0
,2020-12-24 12:31,-9999.0
,2020-12-24 12:32,-9999.0
,2020-12-24 12:33,-9999.0
,2020-12-24 12:34,-9999.0
,2020-12-24 12:35,-9999.0
,2020-12-24 12:36,-9999.0
,2020-12-24 12:37,-9999.0
,2020-12-24 12:38,-9999.0
,2020-12-24 12:39,-9999.0
,2020-12-24 12:40,-9999.0
,2020-12-24 12:41,-9999.0
,2020-12-24 12:42,-9999.0
,2020-12-24 12:43,-9999.0
,2020-12-24 12:44,-9999.0
,2020-12-24 12:45,-9999.0
,2020-12-24 12:46,-9999.0
,2020-12-24 12:47,-9999.0
,2020-12-24 12:48,-9999.0
,2020-12-24 12:49,-9999.0
,2020-12-24 12:50,-9999.0
,2020-12-24 12:51,-9999.0
,2020-12-24 12:52,-9999.0
,2020-12-24 12:53,-9999.0
,2020-12-24 12:54,-9999.0
,2020-12-24 12:55,-9999.0
,2020-12-24 12:56,-9999.0
,2020-12-24 12:57,-9999.0
,2020-12-24 12:58,-9999.0
,2020-12-24 12:59,-9999.0
,2020-12-24 13:00,-9999.0
,2020-12-24 13:01,-9999.0
,2020-12-24 13:02,-9999.0
,2020-12-24 13:03,-9999.0
,2020-12-24 13:04,-9999.0
,2020-12-24 13:05,-9999.0
,2020-12-24 13:06,-9999.0
,2020-12-24 13:07,-9999.0
,2020-12-24 13:08,-9999.0
,2020-12-24 13:09,-9999.0
,2020-12-24 13:10,-9999.0
,2020-12-24 13:11,-9999.0
,2020-12-24 13:12,-9999.0
,2020-12-24 13:13,-9999.0
,2020-12-24 13:14,-9999.0
,2020-12-24 13:15,-9999.0
,2020-12-24 13:16,-9999.0
,2020-12-24 13:17,-9999.0
,2020-12-24 13:18,-9999.0
,2020-12-24 13:19,-9999.0
,2020-12-24 13:20,-9999.0
,2020-12-24 13:21,-9999.0
,2020-12-24 13:22,-9999.0
,2020-12-24 13:23,-9999.0
,2020-12-24 13:24,-9999.0
,2020-12-24 13:25,-9999.0
,2020-12-24 13:26,-9999.0
,2020-12-24 13:27,-9999.0
,2020-12-24 13:28,-9999.0
,2020-12-24 13:29,-9999.0
,2020-12-24 13:30,-9999.0
,2020-12-24 13:31,-9999.0
,2020-12-24 13:32,-9999.0
,2020-12-24 13:33,-9999.0
,2020-12-24 13:34,-9999.0
,2020-12-24 13:35,-9999.0
,2020-12-24 13:36,-9999.0
,2020-12-24 13:37,-9999.0
,2020-12-24 13:38,-9999.0
,2020-12-24 13:39,-9999.0
,2020-12-24 13:40,-9999.0
,2020-12-24 13:41,-9999.0
,2020-12-24 13:42,-9999.0
,2020-12-24 13:43,-9999.0
,2020-12-24 13:44,-9999.0
,2020-12-24 13:45,-9999.0
,2020-12-24 13:46,-9999.0
,2020-12-24 13:47,-9999.0
,2020-12-24 13:48,-9999.0
,2020-12-24 13:49,-9999.0
,2020-12-24 13:50,-9999.0
,2020-12-24 13:51,-9999.0
,2020-12-24 13:52,-9999.0
,2020-12-24 13:53,-9999.0
,2020-12-24 13:54,-9999.0
,2020-12-24 13:55,-9999.0
,2020-12-24 13:56,-9999.0
,2020-12-24 13:57,-9999.0
,2020-12-24 13:58,-9999.0
,2020-12-24 13:59,-9999.0
,2020-12-24 14:00,-9999.0
,2020-12-24 14:01,-9999.0
,2020-12-24 14:02,-9999.0
,2020-12-24 14:03,-9999.0
,2020-12-24 14:04,-9999.0
,2020-12-24 14:05,-9999.0
,2020-12-24 14:06,-9999.0
,2020-12-24 14:07,-9999.0
,2020-12-24 14:08,-9999.0
,2020-12-24 14:09,-9999.0
,2020-12-24 14:10,-9999.0
,2020-12-24 14:11,-9999.0
,2020-12-24 14:12,-9999.0
,2020-12-24 14:13,-9999.0
,2020-12-24 14:14,-9999.0
,2020-12-24 14:15,-9999.0
,2020-12-24 14:16,-9999.0
,2020-12-24 14:17,-9999.0
,2020-12-24 14:18,-9999.0
,2020-12-24 14:19,-9999.0
,2020-12-24 14:20,-9999.0
,2020-12-24 14:21,-9999.0
,2020-12-24 14:22,-9999.0
,2020-12-24 14:23,-9999.0
,2020-12-24 14:24,-9999.0
,2020-12-24 14:25,-9999.0
,2020-12-24 14:26,-9999.0
,2020-12-24 14:27,-9999.0
,2020-12-24 14:28,-9999.0
,2020-12-24 14:29,-9999.0
,2020-12-24 14:30,-9999.0
,2020-12-24 14:31,-9999.0
,2020-12-24 14:32,-9999.0
,2020-12-24 14:33,-9999.0
,2020-12-24 14:34,-9999.0
,2020-12-24 14:35,-9999.0
,2020-12-24 14:36,-9999.0
,2020-12-24 14:37,-9999.0
,2020-12-24 14:38,-9999.0
,2020-12-24 14:39,-9999.0
,2020-12-24 14:40,-9999.0
,2020-12-24 14:41,-9999.0
,2020-12-24 14:42,-9999.0
,2020-12-24 14:43,-9999.0
,2020-12-24 14:44,-9999.0
,2020-12-24 14:45,-9999.0
,2020-12-24 14:46,-9999.0
,2020-12-24 14:47,-9999.0
,2020-12-24 14:48,-9999.0
,2020-12-24 14:49,-9999.0
,2020-12-24 14:50,-9999.0
,2020-12-24 14:51,-9999.0
,2020-12-24 14:52,-9999.0
,2020-12-24 14:53,-9999.0
,2020-12-24 14:54,-9999.0
,2020-12-24 14:55,-9999.0
,2020-12-24 14:56,-9999.0
,2020-12-24 14:57,-9999.0
,2020-12-24 14:58,-9999.0
,2020-12-24 14:59,-9999.0
,2020-12-24 15:00,-9999.0
,2020-12-24 15:01,-9999.0
,2020-12-24 15:02,-9999.0
,2020-12-24 15:03,-9999.0
,2020-12-24 15:04,-9999.0
,2020-12-24 15:05,-9999.0
,2020-12-24 15:06,-9999.0
,2020-12-24 15:07,-9999.0
,2020-12-24 15:08,-9999.0
,2020-12-24 15:09,-9999.0
,2020-12-24 15:10,-9999.0
,2020-12-24 15:11,-9999.0
,2020-12-24 15:12,-9999.0
,2020-12-24 15:13,-9999.0
,2020-12-24 15:14,-9999.0
,2020-12-24 15:15,-9999.0
,2020-12-24 15:16,-9999.0
,2020-12-24 15:17,-9999.0
,2020-12-24 15:18,-9999.0
,2020-12-24 15:19,-9999.0
,2020-12-24 15:20,-9999.0
,2020-12-24 15:21,-9999.0
,2020-12-24 15:22,-9999.0
,2020-12-24 15:23,-9999.0
,2020-12-24 15:24,-9999.0
,2020-12-24 15:25,-9999.0
,2020-12-24 15:26,-9999.0
,2020-12-24 15:27,-9999.0
,2020-12-24 15:28,-9999.0
,2020-12-24 15:29,-9999.0
,2020-12-24 15:30,-9999.0
,2020-12-24 15:31,-9999.0
,2020-12-24 15:32,-9999.0
,2020-12-24 15:33,-9999.0
,2020-12-24 15:34,-9999.0
,2020-12-24 15:35,-9999.0
,2020-12-24 15:36,-9999.0
,2020-12-24 15:37,-9999.0
,2020-12-24 15:38,-9999.0
,2020-12-24 15:39,-9999.0
,2020-12-24 15:40,-9999.0
,2020-12-24 15:41,-9999.0
,2020-12-24 15:42,-9999.0
,2020-12-24 15:43,-9999.0
,2020-12-24 15:44,-9999.0
,2020-12-24 15:45,-9999.0
,2020-12-24 15:46,-9999.0
,2020-12-24 15:47,-9999.0
,2020-12-24 15:48,-9999.0
,2020-12-24 15:49,-9999.0
,2020-12-24 15:50,-9999.0
,2020-12-24 15:51,-9999.0
,2020-12-24 15:52,-9999.0
,2020-12-24 15:53,-9999.0
,2020-12-24 15:54,-9999.0
,2020-12-24 15:55,-9999.0
,2020-12-24 15:56,-9999.0
,2020-12-24 15:57,-9999.0
,2020-12-24 15:58,-9999.0
,2020-12-24 15:59,-9999.0
,2020-12-24 16:00,-9999.0
,2020-12-24 16:01,-9999.0
,2020-12-24 16:02,-9999.0
,2020-12-24 16:03,-9999.0
,2020-12-24 16:04,-9999.0
,2020-12-24 16:05,-9999.0
,2020-12-24 16:06,-9999.0
,2020-12-24 16:07,-9999.0
,2020-12-24 16:08,-9999.0
,2020-12-24 16:09,-9999.0
,2020-12-24 16:10,-9999.0
,2020-12-24 16:11,-9999.0
,2020-12-24 16:12,-9999.0
,2020-12-24 16:13,-9999.0
,2020-12-24 16:14,-9999.0
,2020-12-24 16:15,-9999.0
,2020-12-24 16:16,-9999.0
,2020-12-24 16:17,-9999.0
,2020-12-24 16:18,-9999.0
,2020-12-24 16:19,-9999.0
,2020-12-24 16:20,-9999.0
,2020-12-24 16:21,-9999.0
,2020-12-24 16:22,-9999.0
,2020-12-24 16:23,-9999.0
,2020-12-24 16:24,-9999.0
,2020-12-24 16:25,-9999.0
,2020-12-24 16:26,-9999.0
,2020-12-24 16:27,-9999.0
,2020-12-24 16:28,-9999.0
,2020-12-24 16:29,-9999.0
,2020-12-24 16:30,-9999.0
,2020-12-24 16:31,-9999.0
,2020-12-24 16:32,-9999.0
,2020-12-24 16:33,-9999.0
,2020-12-24 16:34,-9999.0
,2020-12-24 16:35,-9999.0
,2020-12-24 16:36,-9999.0
,2020-12-24 16:37,-9999.0
,2020-12-24 16:38,-9999.0
,2020-12-24 16:39,-9999.0
,2020-12-24 16:40,-9999.0
,2020-12-24 16:41,-9999.0
,2020-12-24 16:42,-9999.0
,2020-12-24 16:43,-9999.0
,2020-12-24 16:44,-9999.0
,2020-12-24 16:45,-9999.0
,2020-12-24 16:46,-9999.0
,2020-12-24 16:47,-9999.0
,2020-12-24 16:48,-9999.0
,2020-12-24 16:49,-9999.0
,2020-12-24 16:50,-9999.0
,2020-12-24 16:51,-9999.0
,2020-12-24 16:52,-9999.0
,2020-12-24 16:53,-9999.0
,2020-12-24 16:54,-9999.0
,2020-12-24 16:55,-9999.0
,2020-12-24 16:56,-9999.0
,2020-12-24 16:57,-9999.0
,2020-12-24 16:58,-9999.0
,2020-12-24 16:59,-9999.0
,2020-12-24 17:00,-9999.0
,2020-12-24 17:01,-9999.0
,2020-12-24 17:02,-9999.0
,2020-12-24 17:03,-9999.0
,2020-12-24 17:04,-9999.0
,2020-12-24 17:05,-9999.0
,2020-12-24 17:06,-9999.0
,2020-12-24 17:07,-9999.0
,2020-12-24 17:08,-9999.0
,2020-12-24 17:09,-9999.0
,2020-12-24 17:10,-9999.0
,2020-12-24 17:11,-9999.0
,2020-12-24 17:12,-9999.0
,2020-12-24 17:13,-9999.0
,2020-12-24 17:14,-9999.0
,2020-12-24 17:15,-9999.0
,2020-12-24 17:16,-9999.0
,2020-12-24 17:17,-9999.0
,2020-12-24 17:18,-9999.0
,2020-12-24 17:19,-9999.0
,2020-12-24 17:20,-9999.0
,2020-12-24 17:21,-9999.0
,2020-12-24 17:22,-9999.0
,2020-12-24 17:23,-9999.0
,2020-12-24 17:24,-9999.0
,2020-12-24 17:25,-9999.0
,2020-12-24 17:26,-9999.0
,2020-12-24 17:27,-9999.0
,2020-12-24 17:28,-9999.0
,2020-12-24 17:29,-9999.0
,2020-12-24 17:30,-9999.0
,2020-12-24 17:31,-9999.0
,2020-12-24 17:32,-9999.0
,2020-12-24 17:33,-9999.0
,2020-12-24 17:34,-9999.0
,2020-12-24 17:35,-9999.0
,2020-12-24 17:36,-9999.0
,2020-12-24 17:37,-9999.0
,2020-12-24 17:38,-9999.0
,2020-12-24 17:39,-9999.0
,2020-12-24 17:40,-9999.0
,2020-12-24 17:41,-9999.0
,2020-12-24 17:42,-9999.0
,2020-12-24 17:43,-9999.0
,2020-12-24 17:44,-9999.0
,2020-12-24 17:45,-9999.0
,2020-12-24 17:46,-9999.0
,2020-12-24 17:47,-9999.0
,2020-12-24 17:48,-9999.0
,2020-12-24 17:49,-9999.0
,2020-12-24 17:50,-9999.0
,2020-12-24 17:51,-9999.0
,2020-12-24 17:52,-9999.0
,2020-12-24 17:53,-9999.0
,2020-12-24 17:54,-9999.0
,2020-12-24 17:55,-9999.0
,2020-12-24 17:56,-9999.0
,2020-12-24 17:57,-9999.0
,2020-12-24 17:58,-9999.0
,2020-12-24 17:59,-9999.0
,2020-12-24 18:00,-9999.0
,2020-12-24 18:01,-9999.0
,2020-12-24 18:02,-9999.0
,2020-12-24 18:03,-9999.0
,2020-12-24 18:04,-9999.0
,2020-12-24 18:05,-9999.0
,2020-12-24 18:06,-9999.0
,2020-12-24 18:07,-9999.0
,2020-12-24 18:08,-9999.0
,2020-12-24 18:09,-9999.0
,2020-12-24 18:10,-9999.0
,2020-12-24 18:11,-9999.0
,2020-12-24 18:12,-9999.0
,2020-12-24 18:13,-9999.0
,2020-12-24 18:14,-9999.0
,2020-12-24 18:15,-9999.0
,2020-12-24 18:16,-9999.0
,2020-12-24 18:17,-9999.0
,2020-12-24 18:18,-9999.0
,2020-12-24 18:19,-9999.0
,2020-12-24 18:20,-9999.0
,2020-12-24 18:21,-9999.0
,2020-12-24 18:22,-9999.0
,2020-12-24 18:23,-9999.0
,2020-12-24 18:24,-9999.0
,2020-12-24 18:25,-9999.0
,2020-12-24 18:26,-9999.0
,2020-12-24 18:27,-9999.0
,2020-12-24 18:28,-9999.0
,2020-12-24 18:29,-9999.0
,2020-12-24 18:30,-9999.0
,2020-12-24 18:31,-9999.0
,2020-12-24 18:32,-9999.0
,2020-12-24 18:33,-9999.0
,2020-12-24 18:34,-9999.0
,2020-12-24 18:35,-9999.0
,2020-12-24 18:36,-9999.0
,2020-12-24 18:37,-9999.0
,2020-12-24 18:38,-9999.0
,2020-12-24 18:39,-9999.0
,2020-12-24 18:40,-9999.0
,2020-12-24 18:41,-9999.0
,2020-12-24 18:42,-9999.0
,2020-12-24 18:43,-9999.0
,2020-12-24 18:44,-9999.0
,2020-12-24 18:45,-9999.0
,2020-12-24 18:46,-9999.0
,2020-12-24 18:47,-9999.0
,2020-12-24 18:48,-9999.0
,2020-12-24 18:49,-9999.0
,2020-12-24 18:50,-9999.0
,2020-12-24 18:51,-9999.0
,2020-12-24 18:52,-9999.0
,2020-12-24 18:53,-9999.0
,2020-12-24 18:54,-9999.0
,2020-12-24 18:55,-9999.0
,2020-12-24 18:56,-9999.0
,2020-12-24 18:57,-9999.0
,2020-12-24 18:58,-9999.0
,2020-12-24 18:59,-9999.0
,2020-12-24 19:00,-9999.0
,2020-12-24 19:01,-9999.0
,2020-12-24 19:02,-9999.0
,2020-12-24 19:03,-9999.0
,2020-12-24 19:04,-9999.0
,2020-12-24 19:05,-9999.0
,2020-12-24 19:06,-9999.0
,2020-12-24 19:07,-9999.0
,2020-12-24 19:08,-9999.0
,2020-12-24 19:09,-9999.0
,2020-12-24 19:10,-9999.0
,2020-12-24 19:11,-9999.0
,2020-12-24 19:12,-9999.0
,2020-12-24 19:13,-9999.0
,2020-12-24 19:14,-9999.0
,2020-12-24 19:15,-9999.0
,2020-12-24 19:16,-9999.0
,2020-12-24 19:17,-9999.0
,2020-12-24 19:18,-9999.0
,2020-12-24 19:19,-9999.0
,2020-12-24 19:20,-9999.0
,2020-12-24 19:21,-9999.0
,2020-12-24 19:22,-9999.0
,2020-12-24 19:23,-9999.0
,2020-12-24 19:24,-9999.0
,2020-12-24 19:25,-9999.0
,2020-12-24 19:26,-9999.0
,2020-12-24 19:27,-9999.0
,2020-12-24 19:28,-9999.0
,2020-12-24 19:29,-9999.0
,2020-12-24 19:30,-9999.0
,2020-12-24 19:31,-9999.0
,2020-12-24 19:32,-9999.0
,2020-12-24 19:33,-9999.0
,2020-12-24 19:34,-9999.0
,2020-12-24 19:35,-9999.0
,2020-12-24 19:36,-9999.0
,2020-12-24 19:37,-9999.0
,2020-12-24 19:38,-9999.0
,2020-12-24 19:39,-9999.0
,2020-12-24 19:40,-9999.0
,2020-12-24 19:41,-9999.0
,2020-12-24 19:42,-9999.0
,2020-12-24 19:43,-9999.0
,2020-12-24 19:44,-9999.0
,2020-12-24 19:45,-9999.0
,2020-12-24 19:46,-9999.0
,2020-12-24 19:47,-9999.0
,2020-12-24 19:48,-9999.0
,2020-12-24 19:49,-9999.0
,2020-12-24 19:50,-9999.0
,2020-12-24 19:51,-9999.0
,2020-12-24 19:52,-9999.0
,2020-12-24 19:53,-9999.0
,2020-12-24 19:54,-9999.0
,2020-12-24 19:55,-9999.0
,2020-12-24 19:56,-9999.0
,2020-12-24 19:57,-9999.0
,2020-12-24 19:58,-9999.0
,2020-12-24 19:59,-9999.0
,2020-12-24 20:00,-9999.0
,2020-12-24 20:01,-9999.0
,2020-12-24 20:02,-9999.0
,2020-12-24 20:03,-9999.0
,2020-12-24 20:04,-9999.0
,2020-12-24 20:05,-9999.0
,2020-12-24 20:06,-9999.0
,2020-12-24 20:07,-9999.0
,2020-12-24 20:08,-9999.0
,2020-12-24 20:09,-9999.0
,2020-12-24 20:10,-9999.0
,2020-12-24 20:11,-9999.0
,2020-12-24 20:12,-9999.0
,2020-12-24 20:13,-9999.0
,2020-12-24 20:14,-9999.0
,2020-12-24 20:15,-9999.0
,2020-12-24 20:16,-9999.0
,2020-12-24 20:17,-9999.0
,2020-12-24 20:18,-9999.0
,2020-12-24 20:19,-9999.0
,2020-12-24 20:20,-9999.0
,2020-12-24 20:21,-9999.0
,2020-12-24 20:22,-9999.0
,2020-12-24 20:23,-9999.0
,2020-12-24 20:24,-9999.0
,2020-12-24 20:25,-9999.0
,2020-12-24 20:26,-9999.0
,2020-12-24 20:27,-9999.0
,2020-12-24 20:28,-9999.0
,2020-12-24 20:29,-9999.0
,2020-12-24 20:30,-9999.0
,2020-12-24 20:31,-9999.0
,2020-12-24 20:32,-9999.0
,2020-12-24 20:33,-9999.0
,2020-12-24 20:34,-9999.0
,2020-12-24 20:35,-9999.0
,2020-12-24 20:36,-9999.0
,2020-12-24 20:37,-9999.0
,2020-12-24 20:38,-9999.0
,2020-12-24 20:39,-9999.0
,2020-12-24 20:40,-9999.0
,2020-12-24 20:41,-9999.0
,2020-12-24 20:42,-9999.0
,2020-12-24 20:43,-9999.0
,2020-12-24 20:44,-9999.0
,2020-12-24 20:45,-9999.0
,2020-12-24 20:46,-9999.0
,2020-12-24 20:47,-9999.0
,2020-12-24 20:48,-9999.0
,2020-12-24 20:49,-9999.0
,2020-12-24 20:50,-9999.0
,2020-12-24 20:51,-9999.0
,2020-12-24 20:52,-9999.0
,2020-12-24 20:53,-9999.0
,2020-12-24 20:54,-9999.0
,2020-12-24 20:55,-9999.0
,2020-12-24 20:56,-9999.0
,2020-12-24 20:57,-9999.0
,2020-12-24 20:58,-9999.0
,2020-12-24 20:59,-9999.0
,2020-12-24 21:00,-9999.0
,2020-12-24 21:01,-9999.0
,2020-12-24 21:02,-9999.0
,2020-12-24 21:03,-9999.0
,2020-12-24 21:04,-9999.0
,2020-12-24 21:05,-9999.0
,2020-12-24 21:06,-9999.0
,2020-12-24 21:07,-9999.0
,2020-12-24 21:08,-9999.0
,2020-12-24 21:09,-9999.0
,2020-12-24 21:10,-9999.0
,2020-12-24 21:11,-9999.0
,2020-12-24 21:12,-9999.0
,2020-12-24 21:13,-9999.0
,2020-12-24 21:14,-9999.0
,2020-12-24 21:15,-9999.0
,2020-12-24 21:16,-9999.0
,2020-12-24 21:17,-9999.0
,2020-12-24 21:18,-9999.0
,2020-12-24 21:19,-9999.0
,2020-12-24 21:20,-9999.0
,2020-12-24 21:21,-9999.0
,2020-12-24 21:22,-9999.0
,2020-12-24 21:23,-9999.0
,2020-12-24 21:24,-9999.0
,2020-12-24 21:25,-9999.0
,2020-12-24 21:26,-9999.0
,2020-12-24 21:27,-9999.0
,2020-12-24 21:28,-9999.0
,2020-12-24 21:29,-9999.0
,2020-12-24 21:30,-9999.0
,2020-12-24 21:31,-9999.0
,2020-12-24 21:32,-9999.0
,2020-12-24 21:33,-9999.0
,2020-12-24 21:34,-9999.0
,2020-12-24 21:35,-9999.0
,2020-12-24 21:36,-9999.0
,2020-12-24 21:37,-9999.0
,2020-12-24 21:38,-9999.0
,2020-12-24 21:39,-9999.0
,2020-12-24 21:40,-9999.0
,2020-12-24 21:41,-9999.0
,2020-12-24 21:42,-9999.0
,2020-12-24 21:43,-9999.0
,2020-12-24 21:44,-9999.0
,2020-12-24 21:45,-9999.0
,2020-12-24 21:46,-9999.0
,2020-12-24 21:47,-9999.0
,2020-12-24 21:48,-9999.0
,2020-12-24 21:49,-9999.0
,2020-12-24 21:50,-9999.0
,2020-12-24 21:51,-9999.0
,2020-12-24 21:52,-9999.0
,2020-12-24 21:53,-9999.0
,2020-12-24 21:54,-9999.0
,2020-12-24 21:55,-9999.0
,2020-12-24 21:56,-9999.0
,2020-12-24 21:57,-9999.0
,2020-12-24 21:58,-9999.0
,2020-12-24 21:59,-9999.0
,2020-12-24 22:00,-9999.0
,2020-12-24 22:01,-9999.0
,2020-12-24 22:02,-9999.0
,2020-12-24 22:03,-9999.0
,2020-12-24 22:04,-9999.0
,2020-12-24 22:05,-9999.0
,2020-12-24 22:06,-9999.0
,2020-12-24 22:07,-9999.0
,2020-12-24 22:08,-9999.0
,2020-12-24 22:09,-9999.0
,2020-12-24 22:10,-9999.0
,2020-12-24 22:11,-9999.0
,2020-12-24 22:12,-9999.0
,2020-12-24 22:13,-9999.0
,2020-12-24 22:14,-9999.0
,2020-12-24 22:15,-9999.0
,2020-12-24 22:16,-9999.0
,2020-12-24 22:17,-9999.0
,2020-12-24 22:18,-9999.0
,2020-12-24 22:19,-9999.0
,2020-12-24 22:20,-9999.0
,2020-12-24 22:21,-9999.0
,2020-12-24 22:22,-9999.0
,2020-12-24 22:23,-9999.0
,2020-12-24 22:24,-9999.0
,2020-12-24 22:25,-9999.0
,2020-12-24 22:26,-9999.0
,2020-12-24 22:27,-9999.0
,2020-12-24 22:28,-9999.0
,2020-12-24 22:29,-9999.0
,2020-12-24 22:30,-9999.0
,2020-12-24 22:31,-9999.0
,2020-12-24 22:32,-9999.0
,2020-12-24 22:33,-9999.0
,2020-12-24 22:34,-9999.0
,2020-12-24 22:35,-9999.0
,2020-12-24 22:36,-9999.0
,2020-12-24 22:37,-9999.0
,2020-12-24 22:38,-9999.0
,2020-12-24 22:39,-9999.0
,2020-12-24 22:40,-9999.0
,2020-12-24 22:41,-9999.0
,2020-12-24 22:42,-9999.0
,2020-12-24 22:43,-9999.0
,2020-12-24 22:44,-9999.0
,2020-12-24 22:45,-9999.0
,2020-12-24 22:46,-9999.0
,2020-12-24 22:47,-9999.0
,2020-12-24 22:48,-9999.0
,2020-12-24 22:49,-9999.0
,2020-12-24 22:50,-9999.0
,2020-12-24 22:51,-9999.0
,2020-12-24 22:52,-9999.0
,2020-12-24 22:53,-9999.0
,2020-12-24 22:54,-9999.0
,2020-12-24 22:55,-9999.0
,2020-12-24 22:56,-9999.0
,2020-12-24 22:57,-9999.0
,2020-12-24 22:58,-9999.0
,2020-12-24 22:59,-9999.0
,2020-12-24 23:00,-9999.0
,2020-12-24 23:01,-9999.0
,2020-12-24 23:02,-9999.0
,2020-12-24 23:03,-9999.0
,2020-12-24 23:04,-9999.0
,2020-12-24 23:05,-9999.0
,2020-12-24 23:06,-9999.0
,2020-12-24 23:07,-9999.0
,2020-12-24 23:08,-9999.0
,2020-12-24 23:09,-9999.0
,2020-12-24 23:10,-9999.0
,2020-12-24 23:11,-9999.0
,2020-12-24 23:12,-9999.0
,2020-12-24 23:13,-9999.0
,2020-12-24 23:14,-9999.0
,2020-12-24 23:15,-9999.0
,2020-12-24 23:16,-9999.0
,2020-12-24 23:17,-9999.0
,2020-12-24 23:18,-9999.0
,2020-12-24 23:19,-9999.0
,2020-12-24 23:20,-9999.0
,2020-12-24 23:21,-9999.0
,2020-12-24 23:22,-9999.0
,2020-12-24 23:23,-9999.0
,2020-12-24 23:24,-9999.0
,2020-12-24 23:25,-9999.0
,2020-12-24 23:26,-9999.0
,2020-12-24 23:27,-9999.0
,2020-12-24 23:28,-9999.0
,2020-12-24 23:29,-9999.0
,2020-12-24 23:30,-9999.0
,2020-12-24 23:31,-9999.0
,2020-12-24 23:32,-9999.0
,2020-12-24 23:33,-9999.0
,2020-12-24 23:34,-9999.0
,2020-12-24 23:35,-9999.0
,2020-12-24 23:36,-9999.0
,2020-12-24 23:37,-9999.0
,2020-12-24 23:38,-9999.0
,2020-12-24 23:39,-9999.0
,2020-12-24 23:40,-9999.0
,2020-12-24 23:41,-9999.0
,2020-12-24 23:42,-9999.0
,2020-12-24 23:43,-9999.0
,2020-12-24 23:44,-9999.0
,2020-12-24 23:45,-9999.0
,2020-12-24 23:46,-9999.0
,2020-12-24 23:47,-9999.0
,2020-12-24 23:48,-9999.0
,2020-12-24 23:49,-9999.0
,2020-12-24 23:50,-9999.0
,2020-12-24 23:51,-9999.0
,2020-12-24 23:52,-9999.0
,2020-12-24 23:53,-9999.0
,2020-12-24 23:54,-9999.0
,2020-12-24 23:55,-9999.0
,2020-12-24 23:56,-9999.0
,2020-12-24 23:57,-9999.0
,2020-12-24 23:58,-9999.0
,2020-12-24 23:59,-9999.0
,2020-12-25 00:00,-9999.0
,2020-12-25 00:01,-9999.0
,2020-12-25 00:02,-9999.0
,2020-12-25 00:03,-9999.0
,2020-12-25 00:04,-9999.0
,2020-12-25 00:05,-9999.0
,2020-12-25 00:06,-9999.0
,2020-12-25 00:07,-9999.0
,2020-12-25 00:08,-9999.0
,2020-12-25 00:09,-9999.0
,2020-12-25 00:10,-9999.0
,2020-12-25 00:11,-9999.0
,2020-12-25 00:12,-9999.0
,2020-12-25 00:13,-9999.0
,2020-12-25 00:14,-9999.0
,2020-12-25 00:15,-9999.0
,2020-12-25 00:16,-9999.0
,2020-12-25 00:17,-9999.0
,2020-12-25 00:18,-9999.0
,2020-12-25 00:19,-9999.0
,2020-12-25 00:20,-9999.0
,2020-12-25 00:21,-9999.0
,2020-12-25 00:22,-9999.0
,2020-12-25 00:23,-9999.0
,2020-12-25 00:24,-9999.0
,2020-12-25 00:25,-9999.0
,2020-12-25 00:26,-9999.0
,2020-12-25 00:27,-9999.0
,2020-12-25 00:28,-9999.0
,2020-12-25 00:29,-9999.0
,2020-12-25 00:30,-9999.0
,2020-12-25 00:31,-9999.0
,2020-12-25 00:32,-9999.0
,2020-12-25 00:33,-9999.0
,2020-12-25 00:34,-9999.0
,2020-12-25 00:35,-9999.0
,2020-12-25 00:36,-9999.0
,2020-12-25 00:37,-9999.0
,2020-12-25 00:38,-9999.0
,2020-12-25 00:39,-9999.0
,2020-12-25 00:40,-9999.0
,2020-12-25 00:41,-9999.0
,2020-12-25 00:42,-9999.0
,2020-12-25 00:43,-9999.0
,2020-12-25 00:44,-9999.0
,2020-12-25 00:45,-9999.0
,2020-12-25 00:46,-9999.0
,2020-12-25 00:47,-9999.0
,2020-12-25 00:48,-9999.0
,2020-12-25 00:49,-9999.0
,2020-12-25 00:50,-9999.0
,2020-12-25 00:51,-9999.0
,2020-12-25 00:52,-9999.0
,2020-12-25 00:53,-9999.0
,2020-12-25 00:54,-9999.0
,2020-12-25 00:55,-9999.0
,2020-12-25 00:56,-9999.0
,2020-12-25 00:57,-9999.0
,2020-12-25 00:58,-9999.0
,2020-12-25 00:59,-9999.0
,2020-12-25 01:00,-9999.0
,2020-12-25 01:01,-9999.0
,2020-12-25 01:02,-9999.0
,2020-12-25 01:03,-9999.0
,2020-12-25 01:04,-9999.0
,2020-12-25 01:05,-9999.0
,2020-12-25 01:06,-9999.0
,2020-12-25 01:07,-9999.0
,2020-12-25 01:08,-9999.0
,2020-12-25 01:09,-9999.0
,2020-12-25 01:10,-9999.0
,2020-12-25 01:11,-9999.0
,2020-12-25 01:12,-9999.0
,2020-12-25 01:13,-9999.0
,2020-12-25 01:14,-9999.0
,2020-12-25 01:15,-9999.0
,2020-12-25 01:16,-9999.0
,2020-12-25 01:17,-9999.0
,2020-12-25 01:18,-9999.0
,2020-12-25 01:19,-9999.0
,2020-12-25 01:20,-9999.0
,2020-12-25 01:21,-9999.0
,2020-12-25 01:22,-9999.0
,2020-12-25 01:23,-9999.0
,2020-12-25 01:24,-9999.0
,2020-12-25 01:25,-9999.0
,2020-12-25 01:26,-9999.0
,2020-12-25 01:27,-9999.0
,2020-12-25 01:28,-9999.0
,2020-12-25 01:29,-9999.0
,2020-12-25 01:30,-9999.0
,2020-12-25 01:31,-9999.0
,2020-12-25 01:32,-9999.0
,2020-12-25 01:33,-9999.0
,2020-12-25 01:34,-9999.0
,2020-12-25 01:35,-9999.0
,2020-12-25 01:36,-9999.0
,2020-12-25 01:37,-9999.0
,2020-12-25 01:38,-9999.0
,2020-12-25 01:39,-9999.0
,2020-12-25 01:40,-9999.0
,2020-12-25 01:41,-9999.0
,2020-12-25 01:42,-9999.0
,2020-12-25 01:43,-9999.0
,2020-12-25 01:44,-9999.0
,2020-12-25 01:45,-9999.0
,2020-12-25 01:46,-9999.0
,2020-12-25 01:47,-9999.0
,2020-12-25 01:48,-9999.0
,2020-12-25 01:49,-9999.0
,2020-12-25 01:50,-9999.0
,2020-12-25 01:51,-9999.0
,2020-12-25 01:52,-9999.0
,2020-12-25 01:53,-9999.0
,2020-12-25 01:54,-9999.0
,2020-12-25 01:55,-9999.0
,2020-12-25 01:56,-9999.0
,2020-12-25 01:57,-9999.0
,2020-12-25 01:58,-9999.0
,2020-12-25 01:59,-9999.0
,2020-12-25 02:00,-9999.0
,2020-12-25 02:01,-9999.0
,2020-12-25 02:02,-9999.0
,2020-12-25 02:03,-9999.0
,2020-12-25 02:04,-9999.0
,2020-12-25 02:05,-9999.0
,2020-12-25 02:06,-9999.0
,2020-12-25 02:07,-9999.0
,2020-12-25 02:08,-9999.0
,2020-12-25 02:09,-9999.0
,2020-12-25 02:10,-9999.0
,2020-12-25 02:11,-9999.0
,2020-12-25 02:12,-9999.0
,2020-12-25 02:13,-9999.0
,2020-12-25 02:14,-9999.0
,2020-12-25 02:15,-9999.0
,2020-12-25 02:16,-9999.0
,2020-12-25 02:17,-9999.0
,2020-12-25 02:18,-9999.0
,2020-12-25 02:19,-9999.0
,2020-12-25 02:20,-9999.0
,2020-12-25 02:21,-9999.0
,2020-12-25 02:22,-9999.0
,2020-12-25 02:23,-9999.0
,2020-12-25 02:24,-9999.0
,2020-12-25 02:25,-9999.0
,2020-12-25 02:26,-9999.0
,2020-12-25 02:27,-9999.0
,2020-12-25 02:28,-9999.0
,2020-12-25 02:29,-9999.0
,2020-12-25 02:30,-9999.0
,2020-12-25 02:31,-9999.0
,2020-12-25 02:32,-9999.0
,2020-12-25 02:33,-9999.0
,2020-12-25 02:34,-9999.0
,2020-12-25 02:35,-9999.0
,2020-12-25 02:36,-9999.0
,2020-12-25 02:37,-9999.0
,2020-12-25 02:38,-9999.0
,2020-12-25 02:39,-9999.0
,2020-12-25 02:40,-9999.0
,2020-12-25 02:41,-9999.0
,2020-12-25 02:42,-9999.0
,2020-12-25 02:43,-9999.0
,2020-12-25 02:44,-9999.0
,2020-12-25 02:45,-9999.0
,2020-12-25 02:46,-9999.0
,2020-12-25 02:47,-9999.0
,2020-12-25 02:48,-9999.0
,2020-12-25 02:49,-9999.0
,2020-12-25 02:50,-9999.0
,2020-12-25 02:51,-9999.0
,2020-12-25 02:52,-9999.0
,2020-12-25 02:53,-9999.0
,2020-12-25 02:54,-9999.0
,2020-12-25 02:55,-9999.0
,2020-12-25 02:56,-9999.0
,2020-12-25 02:57,-9999.0
,2020-12-25 02:58,-9999.0
,2020-12-25 02:59,-9999.0
,2020-12-25 03:00,-9999.0
,2020-12-25 03:01,-9999.0
,2020-12-25 03:02,-9999.0
,2020-12-25 03:03,-9999.0
,2020-12-25 03:04,-9999.0
,2020-12-25 03:05,-9999.0
,2020-12-25 03:06,-9999.0
,2020-12-25 03:07,-9999.0
,2020-12-25 03:08,-9999.0
,2020-12-25 03:09,-9999.0
,2020-12-25 03:10,-9999.0
,2020-12-25 03:11,-9999.0
,2020-12-25 03:12,-9999.0
,2020-12-25 03:13,-9999.0
,2020-12-25 03:14,-9999.0
,2020-12-25 03:15,-9999.0
,2020-12-25 03:16,-9999.0
,2020-12-25 03:17,-9999.0
,2020-12-25 03:18,-9999.0
,2020-12-25 03:19,-9999.0
,2020-12-25 03:20,-9999.0
,2020-12-25 03:21,-9999.0
,2020-12-25 03:22,-9999.0
,2020-12-25 03:23,-9999.0
,2020-12-25 03:24,-9999.0
,2020-12-25 03:25,-9999.0
,2020-12-25 03:26,-9999.0
,2020-12-25 03:27,-9999.0
,2020-12-25 03:28,-9999.0
,2020-12-25 03:29,-9999.0
,2020-12-25 03:30,-9999.0
,2020-12-25 03:31,-9999.0
,2020-12-25 03:32,-9999.0
,2020-12-25 03:33,-9999.0
,2020-12-25 03:34,-9999.0
,2020-12-25 03:35,-9999.0
,2020-12-25 03:36,-9999.0
,2020-12-25 03:37,-9999.0
,2020-12-25 03:38,-9999.0
,2020-12-25 03:39,-9999.0
,2020-12-25 03:40,-9999.0
,2020-12-25 03:41,-9999.0
,2020-12-25 03:42,-9999.0
,2020-12-25 03:43,-9999.0
,2020-12-25 03:44,-9999.0
,2020-12-25 03:45,-9999.0
,2020-12-25 03:46,-9999.0
,2020-12-25 03:47,-9999.0
,2020-12-25 03:48,-9999.0
,2020-12-25 03:49,-9999.0
,2020-12-25 03:50,-9999.0
,2020-12-25 03:51,-9999.0
,2020-12-25 03:52,-9999.0
,2020-12-25 03:53,-9999.0
,2020-12-25 03:54,-9999.0
,2020-12-25 03:55,-9999.0
,2020-12-25 03:56,-9999.0
,2020-12-25 03:57,-9999.0
,2020-12-25 03:58,-9999.0
,2020-12-25 03:59,-9999.0
,2020-12-25 04:00,-9999.0
,2020-12-25 04:01,-9999.0
,2020-12-25 04:02,-9999.0
,2020-12-25 04:03,-9999.0
,2020-12-25 04:04,-9999.0
,2020-12-25 04:05,-9999.0
,2020-12-25 04:06,-9999.0
,2020-12-25 04:07,-9999.0
,2020-12-25 04:08,-9999.0
,2020-12-25 04:09,-9999.0
,2020-12-25 04:10,-9999.0
,2020-12-25 04:11,-9999.0
,2020-12-25 04:12,-9999.0
,2020-12-25 04:13,-9999.0
,2020-12-25 04:14,-9999.0
,2020-12-25 04:15,-9999.0
,2020-12-25 04:16,-9999.0
,2020-12-25 04:17,-9999.0
,2020-12-25 04:18,-9999.0
,2020-12-25 04:19,-9999.0
,2020-12-25 04:20,-9999.0
,2020-12-25 04:21,-9999.0
,2020-12-25 04:22,-9999.0
,2020-12-25 04:23,-9999.0
,2020-12-25 04:24,-9999.0
,2020-12-25 04:25,-9999.0
,2020-12-25 04:26,-9999.0
,2020-12-25 04:27,-9999.0
,2020-12-25 04:28,-9999.0
,2020-12-25 04:29,-9999.0
,2020-12-25 04:30,-9999.0
,2020-12-25 04:31,-9999.0
,2020-12-25 04:32,-9999.0
,2020-12-25 04:33,-9999.0
,2020-12-25 04:34,-9999.0
,2020-12-25 04:35,-9999.0
,2020-12-25 04:36,-9999.0
,2020-12-25 04:37,-9999.0
,2020-12-25 04:38,-9999.0
,2020-12-25 04:39,-9999.0
,2020-12-25 04:40,-9999.0
,2020-12-25 04:41,-9999.0
,2020-12-25 04:42,-9999.0
,2020-12-25 04:43,-9999.0
,2020-12-25 04:44,-9999.0
,2020-12-25 04:45,-9999.0
,2020-12-25 04:46,-9999.0
,2020-12-25 04:47,-9999.0
,2020-12-25 04:48,-9999.0
,2020-12-25 04:49,-9999.0
,2020-12-25 04:50,-9999.0
,2020-12-25 04:51,-9999.0
,2020-12-25 04:52,-9999.0
,2020-12-25 04:53,-9999.0
,2020-12-25 04:54,-9999.0
,2020-12-25 04:55,-9999.0
,2020-12-25 04:56,-9999.0
,2020-12-25 04:57,-9999.0
,2020-12-25 04:58,-9999.0
,2020-12-25 04:59,-9999.0
,2020-12-25 05:00,-9999.0
,2020-12-25 05:01,-9999.0
,2020-12-25 05:02,-9999.0
,2020-12-25 05:03,-9999.0
,2020-12-25 05:04,-9999.0
,2020-12-25 05:05,-9999.0
,2020-12-25 05:06,-9999.0
,2020-12-25 05:07,-9999.0
,2020-12-25 05:08,-9999.0
,2020-12-25 05:09,-9999.0
,2020-12-25 05:10,-9999.0
,2020-12-25 05:11,-9999.0
,2020-12-25 05:12,-9999.0
,2020-12-25 05:13,-9999.0
,2020-12-25 05:14,-9999.0
,2020-12-25 05:15,-9999.0
,2020-12-25 05:16,-9999.0
,2020-12-25 05:17,-9999.0
,2020-12-25 05:18,-9999.0
,2020-12-25 05:19,-9999.0
,2020-12-25 05:20,-9999.0
,2020-12-25 05:21,-9999.0
,2020-12-25 05:22,-9999.0
,2020-12-25 05:23,-9999.0
,2020-12-25 05:24,-9999.0
,2020-12-25 05:25,-9999.0
,2020-12-25 05:26,-9999.0
,2020-12-25 05:27,-9999.0
,2020-12-25 05:28,-9999.0
,2020-12-25 05:29,-9999.0
,2020-12-25 05:30,-9999.0
,2020-12-25 05:31,-9999.0
,2020-12-25 05:32,-9999.0
,2020-12-25 05:33,-9999.0
,2020-12-25 05:34,-9999.0
,2020-12-25 05:35,-9999.0
,2020-12-25 05:36,-9999.0
,2020-12-25 05:37,-9999.0
,2020-12-25 05:38,-9999.0
,2020-12-25 05:39,-9999.0
,2020-12-25 05:40,-9999.0
,2020-12-25 05:41,-9999.0
,2020-12-25 05:42,-9999.0
,2020-12-25 05:43,-9999.0
,2020-12-25 05:44,-9999.0
,2020-12-25 05:45,-9999.0
,2020-12-25 05:46,-9999.0
,2020-12-25 05:47,-9999.0
,2020-12-25 05:48,-9999.0
,2020-12-25 05:49,-9999.0
,2020-12-25 05:50,-9999.0
,2020-12-25 05:51,-9999.0
,2020-12-25 05:52,-9999.0
,2020-12-25 05:53,-9999.0
,2020-12-25 05:54,-9999.0
,2020-12-25 05:55,-9999.0
,2020-12-25 05:56,-9999.0
,2020-12-25 05:57,-9999.0
,2020-12-25 05:58,-9999.0
,2020-12-25 05:59,-9999.0
,2020-12-25 06:00,-9999.0
,2020-12-25 06:01,-9999.0
,2020-12-25 06:02,-9999.0
,2020-12-25 06:03,-9999.0
,2020-12-25 06:04,-9999.0
,2020-12-25 06:05,-9999.0
,2020-12-25 06:06,-9999.0
,2020-12-25 06:07,-9999.0
,2020-12-25 06:08,-9999.0
,2020-12-25 06:09,-9999.0
,2020-12-25 06:10,-9999.0
,2020-12-25 06:11,-9999.0
,2020-12-25 06:12,-9999.0
,2020-12-25 06:13,-9999.0
,2020-12-25 06:14,-9999.0
,2020-12-25 06:15,-9999.0
,2020-12-25 06:16,-9999.0
,2020-12-25 06:17,-9999.0
,2020-12-25 06:18,-9999.0
,2020-12-25 06:19,-9999.0
,2020-12-25 06:20,-9999.0
,2020-12-25 06:21,-9999.0
,2020-12-25 06:22,-9999.0
,2020-12-25 06:23,-9999.0
,2020-12-25 06:24,-9999.0
,2020-12-25 06:25,-9999.0
,2020-12-25 06:26,-9999.0
,2020-12-25 06:27,-9999.0
,2020-12-25 06:28,-9999.0
,2020-12-25 06:29,-9999.0
,2020-12-25 06:30,-9999.0
,2020-12-25 06:31,-9999.0
,2020-12-25 06:32,-9999.0
,2020-12-25 06:33,-9999.0
,2020-12-25 06:34,-9999.0
,2020-12-25 06:35,-9999.0
,2020-12-25 06:36,-9999.0
,2020-12-25 06:37,-9999.0
,2020-12-25 06:38,-9999.0
,2020-12-25 06:39,-9999.0
,2020-12-25 06:40,-9999.0
,2020-12-25 06:41,-9999.0
,2020-12-25 06:42,-9999.0
,2020-12-25 06:43,-9999.0
,2020-12-25 06:44,-9999.0
,2020-12-25 06:45,-9999.0
,2020-12-25 06:46,-9999.0
,2020-12-25 06:47,-9999.0
,2020-12-25 06:48,-9999.0
,2020-12-25 06:49,-9999.0
,2020-12-25 06:50,-9999.0
,2020-12-25 06:51,-9999.0
,2020-12-25 06:52,-9999.0
,2020-12-25 06:53,-9999.0
,2020-12-25 06:54,-9999.0
,2020-12-25 06:55,-9999.0
,2020-12-25 06:56,-9999.0
,2020-12-25 06:57,-9999.0
,2020-12-25 06:58,-9999.0
,2020-12-25 06:59,-9999.0
,2020-12-25 07:00,-9999.0
,2020-12-25 07:01,-9999.0
,2020-12-25 07:02,-9999.0
,2020-12-25 07:03,-9999.0
,2020-12-25 07:04,-9999.0
,2020-12-25 07:05,-9999.0
,2020-12-25 07:06,-9999.0
,2020-12-25 07:07,-9999.0
,2020-12-25 07:08,-9999.0
,2020-12-25 07:09,-9999.0
,2020-12-25 07:10,-9999.0
,2020-12-25 07:11,-9999.0
,2020-12-25 07:12,-9999.0
,2020-12-25 07:13,-9999.0
,2020-12-25 07:14,-9999.0
,2020-12-25 07:15,-9999.0
,2020-12-25 07:16,-9999.0
,2020-12-25 07:17,-9999.0
,2020-12-25 07:18,-9999.0
,2020-12-25 07:19,-9999.0
,2020-12-25 07:20,-9999.0
,2020-12-25 07:21,-9999.0
,2020-12-25 07:22,-9999.0
,2020-12-25 07:23,-9999.0
,2020-12-25 07:24,-9999.0
,2020-12-25 07:25,-9999.0
,2020-12-25 07:26,-9999.0
,2020-12-25 07:27,-9999.0
,2020-12-25 07:28,-9999.0
,2020-12-25 07:29,-9999.0
,2020-12-25 07:30,-9999.0
,2020-12-25 07:31,-9999.0
,2020-12-25 07:32,-9999.0
,2020-12-25 07:33,-9999.0
,2020-12-25 07:34,-9999.0
,2020-12-25 07:35,-9999.0
,2020-12-25 07:36,-9999.0
,2020-12-25 07:37,-9999.0
,2020-12-25 07:38,-9999.0
,2020-12-25 07:39,-9999.0
,2020-12-25 07:40,-9999.0
,2020-12-25 07:41,-9999.0
,2020-12-25 07:42,-9999.0
,2020-12-25 07:43,-9999.0
,2020-12-25 07:44,-9999.0
,2020-12-25 07:45,-9999.0
,2020-12-25 07:46,-9999.0
,2020-12-25 07:47,-9999.0
,2020-12-25 07:48,-9999.0
,2020-12-25 07:49,-9999.0
,2020-12-25 07:50,-9999.0
,2020-12-25 07:51,-9999.0
,2020-12-25 07:52,-9999.0
,2020-12-25 07:53,-9999.0
,2020-12-25 07:54,-9999.0
,2020-12-25 07:55,-9999.0
,2020-12-25 07:56,-9999.0
,2020-12-25 07:57,-9999.0
,2020-12-25 07:58,-9999.0
,2020-12-25 07:59,-9999.0
,2020-12-25 08:00,-9999.0
,2020-12-25 08:01,-9999.0
,2020-12-25 08:02,-9999.0
,2020-12-25 08:03,-9999.0
,2020-12-25 08:04,-9999.0
,2020-12-25 08:05,-9999.0
,2020-12-25 08:06,-9999.0
,2020-12-25 08:07,-9999.0
,2020-12-25 08:08,-9999.0
,2020-12-25 08:09,-9999.0
,2020-12-25 08:10,-9999.0
,2020-12-25 08:11,-9999.0
,2020-12-25 08:12,-9999.0
,2020-12-25 08:13,-9999.0
,2020-12-25 08:14,-9999.0
,2020-12-25 08:15,-9999.0
,2020-12-25 08:16,-9999.0
,2020-12-25 08:17,-9999.0
,2020-12-25 08:18,-9999.0
,2020-12-25 08:19,-9999.0
,2020-12-25 08:20,-9999.0
,2020-12-25 08:21,-9999.0
,2020-12-25 08:22,-9999.0
,2020-12-25 08:23,-9999.0
,2020-12-25 08:24,-9999.0
,2020-12-25 08:25,-9999.0
,2020-12-25 08:26,-9999.0
,2020-12-25 08:27,-9999.0
,2020-12-25 08:28,-9999.0
,2020-12-25 08:29,-9999.0
,2020-12-25 08:30,-9999.0
,2020-12-25 08:31,-9999.0
,2020-12-25 08:32,-9999.0
,2020-12-25 08:33,-9999.0
,2020-12-25 08:34,-9999.0
,2020-12-25 08:35,-9999.0
,2020-12-25 08:36,-9999.0
,2020-12-25 08:37,-9999.0
,2020-12-25 08:38,-9999.0
,2020-12-25 08:39,-9999.0
,2020-12-25 08:40,-9999.0
,2020-12-25 08:41,-9999.0
,2020-12-25 08:42,-9999.0
,2020-12-25 08:43,-9999.0
,2020-12-25 08:44,-9999.0
,2020-12-25 08:45,-9999.0
,2020-12-25 08:46,-9999.0
,2020-12-25 08:47,-9999.0
,2020-12-25 08:48,-9999.0
,2020-12-25 08:49,-9999.0
,2020-12-25 08:50,-9999.0
,2020-12-25 08:51,-9999.0
,2020-12-25 08:52,-9999.0
,2020-12-25 08:53,-9999.0
,2020-12-25 08:54,-9999.0
,2020-12-25 08:55,-9999.0
,2020-12-25 08:56,-9999.0
,2020-12-25 08:57,-9999.0
,2020-12-25 08:58,-9999.0
,2020-12-25 08:59,-9999.0
,2020-12-25 09:00,-9999.0
,2020-12-25 09:01,-9999.0
,2020-12-25 09:02,-9999.0
,2020-12-25 09:03,-9999.0
,2020-12-25 09:04,-9999.0
,2020-12-25 09:05,-9999.0
,2020-12-25 09:06,-9999.0
,2020-12-25 09:07,-9999.0
,2020-12-25 09:08,-9999.0
,2020-12-25 09:09,-9999.0
,2020-12-25 09:10,-9999.0
,2020-12-25 09:11,-9999.0
,2020-12-25 09:12,-9999.0
,2020-12-25 09:13,-9999.0
,2020-12-25 09:14,-9999.0
,2020-12-25 09:15,-9999.0
,2020-12-25 09:16,-9999.0
,2020-12-25 09:17,-9999.0
,2020-12-25 09:18,-9999.0
,2020-12-25 09:19,-9999.0
,2020-12-25 09:20,-9999.0
,2020-12-25 09:21,-9999.0
,2020-12-25 09:22,-9999.0
,2020-12-25 09:23,-9999.0
,2020-12-25 09:24,-9999.0
,2020-12-25 09:25,-9999.0
,2020-12-25 09:26,-9999.0
,2020-12-25 09:27,-9999.0
,2020-12-25 09:28,-9999.0
,2020-12-25 09:29,-9999.0
,2020-12-25 09:30,-9999.0
,2020-12-25 09:31,-9999.0
,2020-12-25 09:32,-9999.0
,2020-12-25 09:33,-9999.0
,2020-12-25 09:34,-9999.0
,2020-12-25 09:35,-9999.0
,2020-12-25 09:36,-9999.0
,2020-12-25 09:37,-9999.0
,2020-12-25 09:38,-9999.0
,2020-12-25 09:39,-9999.0
,2020-12-25 09:40,-9999.0
,2020-12-25 09:41,-9999.0
,2020-12-25 09:42,-9999.0
,2020-12-25 09:43,-9999.0
,2020-12-25 09:44,-9999.0
,2020-12-25 09:45,-9999.0
,2020-12-25 09:46,-9999.0
,2020-12-25 09:47,-9999.0
,2020-12-25 09:48,-9999.0
,2020-12-25 09:49,-9999.0
,2020-12-25 09:50,-9999.0
,2020-12-25 09:51,-9999.0
,2020-12-25 09:52,-9999.0
,2020-12-25 09:53,-9999.0
,2020-12-25 09:54,-9999.0
,2020-12-25 09:55,-9999.0
,2020-12-25 09:56,-9999.0
,2020-12-25 09:57,-9999.0
,2020-12-25 09:58,-9999.0
,2020-12-25 09:59,-9999.0
,2020-12-25 10:00,-9999.0
,2020-12-25 10:01,-9999.0
,2020-12-25 10:02,-9999.0
,2020-12-25 10:03,-9999.0
,2020-12-25 10:04,-9999.0
,2020-12-25 10:05,-9999.0
,2020-12-25 10:06,-9999.0
,2020-12-25 10:07,-9999.0
,2020-12-25 10:08,-9999.0
,2020-12-25 10:09,-9999.0
,2020-12-25 10:10,-9999.0
,2020-12-25 10:11,-9999.0
,2020-12-25 10:12,-9999.0
,2020-12-25 10:13,-9999.0
,2020-12-25 10:14,-9999.0
,2020-12-25 10:15,-9999.0
,2020-12-25 10:16,-9999.0
,2020-12-25 10:17,-9999.0
,2020-12-25 10:18,-9999.0
,2020-12-25 10:19,-9999.0
,2020-12-25 10:20,-9999.0
,2020-12-25 10:21,-9999.0
,2020-12-25 10:22,-9999.0
,2020-12-25 10:23,-9999.0
,2020-12-25 10:24,-9999.0
,2020-12-25 10:25,-9999.0
,2020-12-25 10:26,-9999.0
,2020-12-25 10:27,-9999.0
,2020-12-25 10:28,-9999.0
,2020-12-25 10:29,-9999.0
,2020-12-25 10:30,-9999.0
,2020-12-25 10:31,-9999.0
,2020-12-25 10:32,-9999.0
,2020-12-25 10:33,-9999.0
,2020-12-25 10:34,-9999.0
,2020-12-25 10:35,-9999.0
,2020-12-25 10:36,-9999.0
,2020-12-25 10:37,-9999.0
,2020-12-25 10:38,-9999.0
,2020-12-25 10:39,-9999.0
,2020-12-25 10:40,-9999.0
,2020-12-25 10:41,-9999.0
,2020-12-25 10:42,-9999.0
,2020-12-25 10:43,-9999.0
,2020-12-25 10:44,-9999.0
,2020-12-25 10:45,-9999.0
,2020-12-25 10:46,-9999.0
,2020-12-25 10:47,-9999.0
,2020-12-25 10:48,-9999.0
,2020-12-25 10:49,-9999.0
,2020-12-25 10:50,-9999.0
,2020-12-25 10:51,-9999.0
,2020-12-25 10:52,-9999.0
,2020-12-25 10:53,-9999.0
,2020-12-25 10:54,-9999.0
,2020-12-25 10:55,-9999.0
,2020-12-25 10:56,-9999.0
,2020-12-25 10:57,-9999.0
,2020-12-25 10:58,-9999.0
,2020-12-25 10:59,-9999.0
,2020-12-25 11:00,-9999.0
,2020-12-25 11:01,-9999.0
,2020-12-25 11:02,-9999.0
,2020-12-25 11:03,-9999.0
,2020-12-25 11:04,-9999.0
,2020-12-25 11:05,-9999.0
,2020-12-25 11:06,-9999.0
,2020-12-25 11:07,-9999.0
,2020-12-25 11:08,-9999.0
,2020-12-25 11:09,-9999.0
,2020-12-25 11:10,-9999.0
,2020-12-25 11:11,-9999.0
,2020-12-25 11:12,-9999.0
,2020-12-25 11:13,-9999.0
,2020-12-25 11:14,-9999.0
,2020-12-25 11:15,-9999.0
,2020-12-25 11:16,-9999.0
,2020-12-25 11:17,-9999.0
,2020-12-25 11:18,-9999.0
,2020-12-25 11:19,-9999.0
,2020-12-25 11:20,-9999.0
,2020-12-25 11:21,-9999.0
,2020-12-25 11:22,-9999.0
,2020-12-25 11:23,-9999.0
,2020-12-25 11:24,-9999.0
,2020-12-25 11:25,-9999.0
,2020-12-25 11:26,-9999.0
,2020-12-25 11:27,-9999.0
,2020-12-25 11:28,-9999.0
,2020-12-25 11:29,-9999.0
,2020-12-25 11:30,-9999.0
,2020-12-25 11:31,-9999.0
,2020-12-25 11:32,-9999.0
,2020-12-25 11:33,-9999.0
,2020-12-25 11:34,-9999.0
,2020-12-25 11:35,-9999.0
,2020-12-25 11:36,-9999.0
,2020-12-25 11:37,-9999.0
,2020-12-25 11:38,-9999.0
,2020-12-25 11:39,-9999.0
,2020-12-25 11:40,-9999.0
,2020-12-25 11:41,-9999.0
,2020-12-25 11:42,-9999.0
,2020-12-25 11:43,-9999.0
,2020-12-25 11:44,-9999.0
,2020-12-25 11:45,-9999.0
,2020-12-25 11:46,-9999.0
,2020-12-25 11:47,-9999.0
,2020-12-25 11:48,-9999.0
,2020-12-25 11:49,-9999.0
,2020-12-25 11:50,-9999.0
,2020-12-25 11:51,-9999.0
,2020-12-25 11:52,-9999.0
,2020-12-25 11:53,-9999.0
,2020-12-25 11:54,-9999.0
,2020-12-25 11:55,-9999.0
,2020-12-25 11:56,-9999.0
,2020-12-25 11:57,-9999.0
,2020-12-25 11:58,-9999.0
,2020-12-25 11:59,-9999.0
,2020-12-25 12:00,-9999.0
,2020-12-25 12:01,-9999.0
,2020-12-25 12:02,-9999.0
,2020-12-25 12:03,-9999.0
,2020-12-25 12:04,-9999.0
,2020-12-25 12:05,-9999.0
,2020-12-25 12:06,-9999.0
,2020-12-25 12:07,-9999.0
,2020-12-25 12:08,-9999.0
,2020-12-25 12:09,-9999.0
,2020-12-25 12:10,-9999.0
,2020-12-25 12:11,-9999.0
,2020-12-25 12:12,-9999.0
,2020-12-25 12:13,-9999.0
,2020-12-25 12:14,-9999.0
,2020-12-25 12:15,-9999.0
,2020-12-25 12:16,-9999.0
,2020-12-25 12:17,-9999.0
,2020-12-25 12:18,-9999.0
,2020-12-25 12:19,-9999.0
,2020-12-25 12:20,-9999.0
,2020-12-25 12:21,-9999.0
,2020-12-25 12:22,-9999.0
,2020-12-25 12:23,-9999.0
,2020-12-25 12:24,-9999.0
,2020-12-25 12:25,-9999.0
,2020-12-25 12:26,-9999.0
,2020-12-25 12:27,-9999.0
,2020-12-25 12:28,-9999.0
,2020-12-25 12:29,-9999.0
,2020-12-25 12:30,-9999.0
,2020-12-25 12:31,-9999.0
,2020-12-25 12:32,-9999.0
,2020-12-25 12:33,-9999.0
,2020-12-25 12:34,-9999.0
,2020-12-25 12:35,-9999.0
,2020-12-25 12:36,-9999.0
,2020-12-25 12:37,-9999.0
,2020-12-25 12:38,-9999.0
,2020-12-25 12:39,-9999.0
,2020-12-25 12:40,-9999.0
,2020-12-25 12:41,-9999.0
,2020-12-25 12:42,-9999.0
,2020-12-25 12:43,-9999.0
,2020-12-25 12:44,-9999.0
,2020-12-25 12:45,-9999.0
,2020-12-25 12:46,-9999.0
,2020-12-25 12:47,-9999.0
,2020-12-25 12:48,-9999.0
,2020-12-25 12:49,-9999.0
,2020-12-25 12:50,-9999.0
,2020-12-25 12:51,-9999.0
,2020-12-25 12:52,-9999.0
,2020-12-25 12:53,-9999.0
,2020-12-25 12:54,-9999.0
,2020-12-25 12:55,-9999.0
,2020-12-25 12:56,-9999.0
,2020-12-25 12:57,-9999.0
,2020-12-25 12:58,-9999.0
,2020-12-25 12:59,-9999.0
,2020-12-25 13:00,-9999.0
,2020-12-25 13:01,-9999.0
,2020-12-25 13:02,-9999.0
,2020-12-25 13:03,-9999.0
,2020-12-25 13:04,-9999.0
,2020-12-25 13:05,-9999.0
,2020-12-25 13:06,-9999.0
,2020-12-25 13:07,-9999.0
,2020-12-25 13:08,-9999.0
,2020-12-25 13:09,-9999.0
,2020-12-25 13:10,-9999.0
,2020-12-25 13:11,-9999.0
,2020-12-25 13:12,-9999.0
,2020-12-25 13:13,-9999.0
,2020-12-25 13:14,-9999.0
,2020-12-25 13:15,-9999.0
,2020-12-25 13:16,-9999.0
,2020-12-25 13:17,-9999.0
,2020-12-25 13:18,-9999.0
,2020-12-25 13:19,-9999.0
,2020-12-25 13:20,-9999.0
,2020-12-25 13:21,-9999.0
,2020-12-25 13:22,-9999.0
,2020-12-25 13:23,-9999.0
,2020-12-25 13:24,-9999.0
,2020-12-25 13:25,-9999.0
,2020-12-25 13:26,-9999.0
,2020-12-25 13:27,-9999.0
,2020-12-25 13:28,-9999.0
,2020-12-25 13:29,-9999.0
,2020-12-25 13:30,-9999.0
,2020-12-25 13:31,-9999.0
,2020-12-25 13:32,-9999.0
,2020-12-25 13:33,-9999.0
,2020-12-25 13:34,-9999.0
,2020-12-25 13:35,-9999.0
,2020-12-25 13:36,-9999.0
,2020-12-25 13:37,-9999.0
,2020-12-25 13:38,-9999.0
,2020-12-25 13:39,-9999.0
,2020-12-25 13:40,-9999.0
,2020-12-25 13:41,-9999.0
,2020-12-25 13:42,-9999.0
,2020-12-25 13:43,-9999.0
,2020-12-25 13:44,-9999.0
,2020-12-25 13:45,-9999.0
,2020-12-25 13:46,-9999.0
,2020-12-25 13:47,-9999.0
,2020-12-25 13:48,-9999.0
,2020-12-25 13:49,-9999.0
,2020-12-25 13:50,-9999.0
,2020-12-25 13:51,-9999.0
,2020-12-25 13:52,-9999.0
,2020-12-25 13:53,-9999.0
,2020-12-25 13:54,-9999.0
,2020-12-25 13:55,-9999.0
,2020-12-25 13:56,-9999.0
,2020-12-25 13:57,-9999.0
,2020-12-25 13:58,-9999.0
,2020-12-25 13:59,-9999.0
,2020-12-25 14:00,-9999.0
,2020-12-25 14:01,-9999.0
,2020-12-25 14:02,-9999.0
,2020-12-25 14:03,-9999.0
,2020-12-25 14:04,-9999.0
,2020-12-25 14:05,-9999.0
,2020-12-25 14:06,-9999.0
,2020-12-25 14:07,-9999.0
,2020-12-25 14:08,-9999.0
,2020-12-25 14:09,-9999.0
,2020-12-25 14:10,-9999.0
,2020-12-25 14:11,-9999.0
,2020-12-25 14:12,-9999.0
,2020-12-25 14:13,-9999.0
,2020-12-25 14:14,-9999.0
,2020-12-25 14:15,-9999.0
,2020-12-25 14:16,-9999.0
,2020-12-25 14:17,-9999.0
,2020-12-25 14:18,-9999.0
,2020-12-25 14:19,-9999.0
,2020-12-25 14:20,-9999.0
,2020-12-25 14:21,-9999.0
,2020-12-25 14:22,-9999.0
,2020-12-25 14:23,-9999.0
,2020-12-25 14:24,-9999.0
,2020-12-25 14:25,-9999.0
,2020-12-25 14:26,-9999.0
,2020-12-25 14:27,-9999.0
,2020-12-25 14:28,-9999.0
,2020-12-25 14:29,-9999.0
,2020-12-25 14:30,-9999.0
,2020-12-25 14:31,-9999.0
,2020-12-25 14:32,-9999.0
,2020-12-25 14:33,-9999.0
,2020-12-25 14:34,-9999.0
,2020-12-25 14:35,-9999.0
,2020-12-25 14:36,-9999.0
,2020-12-25 14:37,-9999.0
,2020-12-25 14:38,-9999.0
,2020-12-25 14:39,-9999.0
,2020-12-25 14:40,-9999.0
,2020-12-25 14:41,-9999.0
,2020-12-25 14:42,-9999.0
,2020-12-25 14:43,-9999.0
,2020-12-25 14:44,-9999.0
,2020-12-25 14:45,-9999.0
,2020-12-25 14:46,-9999.0
,2020-12-25 14:47,-9999.0
,2020-12-25 14:48,-9999.0
,2020-12-25 14:49,-9999.0
,2020-12-25 14:50,-9999.0
,2020-12-25 14:51,-9999.0
,2020-12-25 14:52,-9999.0
,2020-12-25 14:53,-9999.0
,2020-12-25 14:54,-9999.0
,2020-12-25 14:55,-9999.0
,2020-12-25 14:56,-9999.0
,2020-12-25 14:57,-9999.0
,2020-12-25 14:58,-9999.0
,2020-12-25 14:59,-9999.0
,2020-12-25 15:00,-9999.0
,2020-12-25 15:01,-9999.0
,2020-12-25 15:02,-9999.0
,2020-12-25 15:03,-9999.0
,2020-12-25 15:04,-9999.0
,2020-12-25 15:05,-9999.0
,2020-12-25 15:06,-9999.0
,2020-12-25 15:07,-9999.0
,2020-12-25 15:08,-9999.0
,2020-12-25 15:09,-9999.0
,2020-12-25 15:10,-9999.0
,2020-12-25 15:11,-9999.0
,2020-12-25 15:12,-9999.0
,2020-12-25 15:13,-9999.0
,2020-12-25 15:14,-9999.0
,2020-12-25 15:15,-9999.0
,2020-12-25 15:16,-9999.0
,2020-12-25 15:17,-9999.0
,2020-12-25 15:18,-9999.0
,2020-12-25 15:19,-9999.0
,2020-12-25 15:20,-9999.0
,2020-12-25 15:21,-9999.0
,2020-12-25 15:22,-9999.0
,2020-12-25 15:23,-9999.0
,2020-12-25 15:24,-9999.0
,2020-12-25 15:25,-9999.0
,2020-12-25 15:26,-9999.0
,2020-12-25 15:27,-9999.0
,2020-12-25 15:28,-9999.0
,2020-12-25 15:29,-9999.0
,2020-12-25 15:30,-9999.0
,2020-12-25 15:31,-9999.0
,2020-12-25 15:32,-9999.0
,2020-12-25 15:33,-9999.0
,2020-12-25 15:34,-9999.0
,2020-12-25 15:35,-9999.0
,2020-12-25 15:36,-9999.0
,2020-12-25 15:37,-9999.0
,2020-12-25 15:38,-9999.0
,2020-12-25 15:39,-9999.0
,2020-12-25 15:40,-9999.0
,2020-12-25 15:41,-9999.0
,2020-12-25 15:42,-9999.0
,2020-12-25 15:43,-9999.0
,2020-12-25 15:44,-9999.0
,2020-12-25 15:45,-9999.0
,2020-12-25 15:46,-9999.0
,2020-12-25 15:47,-9999.0
,2020-12-25 15:48,-9999.0
,2020-12-25 15:49,-9999.0
,2020-12-25 15:50,-9999.0
,2020-12-25 15:51,-9999.0
,2020-12-25 15:52,-9999.0
,2020-12-25 15:53,-9999.0
,2020-12-25 15:54,-9999.0
,2020-12-25 15:55,-9999.0
,2020-12-25 15:56,-9999.0
,2020-12-25 15:57,-9999.0
,2020-12-25 15:58,-9999.0
,2020-12-25 15:59,-9999.0
,2020-12-25 16:00,-9999.0
,2020-12-25 16:01,-9999.0
,2020-12-25 16:02,-9999.0
,2020-12-25 16:03,-9999.0
,2020-12-25 16:04,-9999.0
,2020-12-25 16:05,-9999.0
,2020-12-25 16:06,-9999.0
,2020-12-25 16:07,-9999.0
,2020-12-25 16:08,-9999.0
,2020-12-25 16:09,-9999.0
,2020-12-25 16:10,-9999.0
,2020-12-25 16:11,-9999.0
,2020-12-25 16:12,-9999.0
,2020-12-25 16:13,-9999.0
,2020-12-25 16:14,-9999.0
,2020-12-25 16:15,-9999.0
,2020-12-25 16:16,-9999.0
,2020-12-25 16:17,-9999.0
,2020-12-25 16:18,-9999.0
,2020-12-25 16:19,-9999.0
,2020-12-25 16:20,-9999.0
,2020-12-25 16:21,-9999.0
,2020-12-25 16:22,-9999.0
,2020-12-25 16:23,-9999.0
,2020-12-25 16:24,-9999.0
,2020-12-25 16:25,-9999.0
,2020-12-25 16:26,-9999.0
,2020-12-25 16:27,-9999.0
,2020-12-25 16:28,-9999.0
,2020-12-25 16:29,-9999.0
,2020-12-25 16:30,-9999.0
,2020-12-25 16:31,-9999.0
,2020-12-25 16:32,-9999.0
,2020-12-25 16:33,-9999.0
,2020-12-25 16:34,-9999.0
,2020-12-25 16:35,-9999.0
,2020-12-25 16:36,-9999.0
,2020-12-25 16:37,-9999.0
,2020-12-25 16:38,-9999.0
,2020-12-25 16:39,-9999.0
,2020-12-25 16:40,-9999.0
,2020-12-25 16:41,-9999.0
,2020-12-25 16:42,-9999.0
,2020-12-25 16:43,-9999.0
,2020-12-25 16:44,-9999.0
,2020-12-25 16:45,-9999.0
,2020-12-25 16:46,-9999.0
,2020-12-25 16:47,-9999.0
,2020-12-25 16:48,-9999.0
,2020-12-25 16:49,-9999.0
,2020-12-25 16:50,-9999.0
,2020-12-25 16:51,-9999.0
,2020-12-25 16:52,-9999.0
,2020-12-25 16:53,-9999.0
,2020-12-25 16:54,-9999.0
,2020-12-25 16:55,-9999.0
,2020-12-25 16:56,-9999.0
,2020-12-25 16:57,-9999.0
,2020-12-25 16:58,-9999.0
,2020-12-25 16:59,-9999.0
,2020-12-25 17:00,-9999.0
,2020-12-25 17:01,-9999.0
,2020-12-25 17:02,-9999.0
,2020-12-25 17:03,-9999.0
,2020-12-25 17:04,-9999.0
,2020-12-25 17:05,-9999.0
,2020-12-25 17:06,-9999.0
,2020-12-25 17:07,-9999.0
,2020-12-25 17:08,-9999.0
,2020-12-25 17:09,-9999.0
,2020-12-25 17:10,-9999.0
,2020-12-25 17:11,-9999.0
,2020-12-25 17:12,-9999.0
,2020-12-25 17:13,-9999.0
,2020-12-25 17:14,-9999.0
,2020-12-25 17:15,-9999.0
,2020-12-25 17:16,-9999.0
,2020-12-25 17:17,-9999.0
,2020-12-25 17:18,-9999.0
,2020-12-25 17:19,-9999.0
,2020-12-25 17:20,-9999.0
,2020-12-25 17:21,-9999.0
,2020-12-25 17:22,-9999.0
,2020-12-25 17:23,-9999.0
,2020-12-25 17:24,-9999.0
,2020-12-25 17:25,-9999.0
,2020-12-25 17:26,-9999.0
,2020-12-25 17:27,-9999.0
,2020-12-25 17:28,-9999.0
,2020-12-25 17:29,-9999.0
,2020-12-25 17:30,-9999.0
,2020-12-25 17:31,-9999.0
,2020-12-25 17:32,-9999.0
,2020-12-25 17:33,-9999.0
,2020-12-25 17:34,-9999.0
,2020-12-25 17:35,-9999.0
,2020-12-25 17:36,-9999.0
,2020-12-25 17:37,-9999.0
,2020-12-25 17:38,-9999.0
,2020-12-25 17:39,-9999.0
,2020-12-25 17:40,-9999.0
,2020-12-25 17:41,-9999.0
,2020-12-25 17:42,-9999.0
,2020-12-25 17:43,-9999.0
,2020-12-25 17:44,-9999.0
,2020-12-25 17:45,-9999.0
,2020-12-25 17:46,-9999.0
,2020-12-25 17:47,-9999.0
,2020-12-25 17:48,-9999.0
,2020-12-25 17:49,-9999.0
,2020-12-25 17:50,-9999.0
,2020-12-25 17:51,-9999.0
,2020-12-25 17:52,-9999.0
,2020-12-25 17:53,-9999.0
,2020-12-25 17:54,-9999.0
,2020-12-25 17:55,-9999.0
,2020-12-25 17:56,-9999.0
,2020-12-25 17:57,-9999.0
,2020-12-25 17:58,-9999.0
,2020-12-25 17:59,-9999.0
,2020-12-25 18:00,-9999.0
,2020-12-25 18:01,-9999.0
,2020-12-25 18:02,-9999.0
,2020-12-25 18:03,-9999.0
,2020-12-25 18:04,-9999.0
,2020-12-25 18:05,-9999.0
,2020-12-25 18:06,-9999.0
,2020-12-25 18:07,-9999.0
,2020-12-25 18:08,-9999.0
,2020-12-25 18:09,-9999.0
,2020-12-25 18:10,-9999.0
,2020-12-25 18:11,-9999.0
,2020-12-25 18:12,-9999.0
,2020-12-25 18:13,-9999.0
,2020-12-25 18:14,-9999.0
,2020-12-25 18:15,-9999.0
,2020-12-25 18:16,-9999.0
,2020-12-25 18:17,-9999.0
,2020-12-25 18:18,-9999.0
,2020-12-25 18:19,-9999.0
,2020-12-25 18:20,-9999.0
,2020-12-25 18:21,-9999.0
,2020-12-25 18:22,-9999.0
,2020-12-25 18:23,-9999.0
,2020-12-25 18:24,-9999.0
,2020-12-25 18:25,-9999.0
,2020-12-25 18:26,-9999.0
,2020-12-25 18:27,-9999.0
,2020-12-25 18:28,-9999.0
,2020-12-25 18:29,-9999.0
,2020-12-25 18:30,-9999.0
,2020-12-25 18:31,-9999.0
,2020-12-25 18:32,-9999.0
,2020-12-25 18:33,-9999.0
,2020-12-25 18:34,-9999.0
,2020-12-25 18:35,-9999.0
,2020-12-25 18:36,-9999.0
,2020-12-25 18:37,-9999.0
,2020-12-25 18:38,-9999.0
,2020-12-25 18:39,-9999.0
,2020-12-25 18:40,-9999.0
,2020-12-25 18:41,-9999.0
,2020-12-25 18:42,-9999.0
,2020-12-25 18:43,-9999.0
,2020-12-25 18:44,-9999.0
,2020-12-25 18:45,-9999.0
,2020-12-25 18:46,-9999.0
,2020-12-25 18:47,-9999.0
,2020-12-25 18:48,-9999.0
,2020-12-25 18:49,-9999.0
,2020-12-25 18:50,-9999.0
,2020-12-25 18:51,-9999.0
,2020-12-25 18:52,-9999.0
,2020-12-25 18:53,-9999.0
,2020-12-25 18:54,-9999.0
,2020-12-25 18:55,-9999.0
,2020-12-25 18:56,-9999.0
,2020-12-25 18:57,-9999.0
,2020-12-25 18:58,-9999.0
,2020-12-25 18:59,-9999.0
,2020-12-25 19:00,-9999.0
,2020-12-25 19:01,-9999.0
,2020-12-25 19:02,-9999.0
,2020-12-25 19:03,-9999.0
,2020-12-25 19:04,-9999.0
,2020-12-25 19:05,-9999.0
,2020-12-25 19:06,-9999.0
,2020-12-25 19:07,-9999.0
,2020-12-25 19:08,-9999.0
,2020-12-25 19:09,-9999.0
,2020-12-25 19:10,-9999.0
,2020-12-25 19:11,-9999.0
,2020-12-25 19:12,-9999.0
,2020-12-25 19:13,-9999.0
,2020-12-25 19:14,-9999.0
,2020-12-25 19:15,-9999.0
,2020-12-25 19:16,-9999.0
,2020-12-25 19:17,-9999.0
,2020-12-25 19:18,-9999.0
,2020-12-25 19:19,-9999.0
,2020-12-25 19:20,-9999.0
,2020-12-25 19:21,-9999.0
,2020-12-25 19:22,-9999.0
,2020-12-25 19:23,-9999.0
,2020-12-25 19:24,-9999.0
,2020-12-25 19:25,-9999.0
,2020-12-25 19:26,-9999.0
,2020-12-25 19:27,-9999.0
,2020-12-25 19:28,-9999.0
,2020-12-25 19:29,-9999.0
,2020-12-25 19:30,-9999.0
,2020-12-25 19:31,-9999.0
,2020-12-25 19:32,-9999.0
,2020-12-25 19:33,-9999.0
,2020-12-25 19:34,-9999.0
,2020-12-25 19:35,-9999.0
,2020-12-25 19:36,-9999.0
,2020-12-25 19:37,-9999.0
,2020-12-25 19:38,-9999.0
,2020-12-25 19:39,-9999.0
,2020-12-25 19:40,-9999.0
,2020-12-25 19:41,-9999.0
,2020-12-25 19:42,-9999.0
,2020-12-25 19:43,-9999.0
,2020-12-25 19:44,-9999.0
,2020-12-25 19:45,-9999.0
,2020-12-25 19:46,-9999.0
,2020-12-25 19:47,-9999.0
,2020-12-25 19:48,-9999.0
,2020-12-25 19:49,-9999.0
,2020-12-25 19:50,-9999.0
,2020-12-25 19:51,-9999.0
,2020-12-25 19:52,-9999.0
,2020-12-25 19:53,-9999.0
,2020-12-25 19:54,-9999.0
,2020-12-25 19:55,-9999.0
,2020-12-25 19:56,-9999.0
,2020-12-25 19:57,-9999.0
,2020-12-25 19:58,-9999.0
,2020-12-25 19:59,-9999.0
,2020-12-25 20:00,-9999.0
,2020-12-25 20:01,-9999.0
,2020-12-25 20:02,-9999.0
,2020-12-25 20:03,-9999.0
,2020-12-25 20:04,-9999.0
,2020-12-25 20:05,-9999.0
,2020-12-25 20:06,-9999.0
,2020-12-25 20:07,-9999.0
,2020-12-25 20:08,-9999.0
,2020-12-25 20:09,-9999.0
,2020-12-25 20:10,-9999.0
,2020-12-25 20:11,-9999.0
,2020-12-25 20:12,-9999.0
,2020-12-25 20:13,-9999.0
,2020-12-25 20:14,-9999.0
,2020-12-25 20:15,-9999.0
,2020-12-25 20:16,-9999.0
,2020-12-25 20:17,-9999.0
,2020-12-25 20:18,-9999.0
,2020-12-25 20:19,-9999.0
,2020-12-25 20:20,-9999.0
,2020-12-25 20:21,-9999.0
,2020-12-25 20:22,-9999.0
,2020-12-25 20:23,-9999.0
,2020-12-25 20:24,-9999.0
,2020-12-25 20:25,-9999.0
,2020-12-25 20:26,-9999.0
,2020-12-25 20:27,-9999.0
,2020-12-25 20:28,-9999.0
,2020-12-25 20:29,-9999.0
,2020-12-25 20:30,-9999.0
,2020-12-25 20:31,-9999.0
,2020-12-25 20:32,-9999.0
,2020-12-25 20:33,-9999.0
,2020-12-25 20:34,-9999.0
,2020-12-25 20:35,-9999.0
,2020-12-25 20:36,-9999.0
,2020-12-25 20:37,-9999.0
,2020-12-25 20:38,-9999.0
,2020-12-25 20:39,-9999.0
,2020-12-25 20:40,-9999.0
,2020-12-25 20:41,-9999.0
,2020-12-25 20:42,-9999.0
,2020-12-25 20:43,-9999.0
,2020-12-25 20:44,-9999.0
,2020-12-25 20:45,-9999.0
,2020-12-25 20:46,-9999.0
,2020-12-25 20:47,-9999.0
,2020-12-25 20:48,-9999.0
,2020-12-25 20:49,-9999.0
,2020-12-25 20:50,-9999.0
,2020-12-25 20:51,-9999.0
,2020-12-25 20:52,-9999.0
,2020-12-25 20:53,-9999.0
,2020-12-25 20:54,-9999.0
,2020-12-25 20:55,-9999.0
,2020-12-25 20:56,-9999.0
,2020-12-25 20:57,-9999.0
,2020-12-25 20:58,-9999.0
,2020-12-25 20:59,-9999.0
,2020-12-25 21:00,-9999.0
,2020-12-25 21:01,-9999.0
,2020-12-25 21:02,-9999.0
,2020-12-25 21:03,-9999.0
,2020-12-25 21:04,-9999.0
,2020-12-25 21:05,-9999.0
,2020-12-25 21:06,-9999.0
,2020-12-25 21:07,-9999.0
,2020-12-25 21:08,-9999.0
,2020-12-25 21:09,-9999.0
,2020-12-25 21:10,-9999.0
,2020-12-25 21:11,-9999.0
,2020-12-25 21:12,-9999.0
,2020-12-25 21:13,-9999.0
,2020-12-25 21:14,-9999.0
,2020-12-25 21:15,-9999.0
,2020-12-25 21:16,-9999.0
,2020-12-25 21:17,-9999.0
,2020-12-25 21:18,-9999.0
,2020-12-25 21:19,-9999.0
,2020-12-25 21:20,-9999.0
,2020-12-25 21:21,-9999.0
,2020-12-25 21:22,-9999.0
,2020-12-25 21:23,-9999.0
,2020-12-25 21:24,-9999.0
,2020-12-25 21:25,-9999.0
,2020-12-25 21:26,-9999.0
,2020-12-25 21:27,-9999.0
,2020-12-25 21:28,-9999.0
,2020-12-25 21:29,-9999.0
,2020-12-25 21:30,-9999.0
,2020-12-25 21:31,-9999.0
,2020-12-25 21:32,-9999.0
,2020-12-25 21:33,-9999.0
,2020-12-25 21:34,-9999.0
,2020-12-25 21:35,-9999.0
,2020-12-25 21:36,-9999.0
,2020-12-25 21:37,-9999.0
,2020-12-25 21:38,-9999.0
,2020-12-25 21:39,-9999.0
,2020-12-25 21:40,-9999.0
,2020-12-25 21:41,-9999.0
,2020-12-25 21:42,-9999.0
,2020-12-25 21:43,-9999.0
,2020-12-25 21:44,-9999.0
,2020-12-25 21:45,-9999.0
,2020-12-25 21:46,-9999.0
,2020-12-25 21:47,-9999.0
,2020-12-25 21:48,-9999.0
,2020-12-25 21:49,-9999.0
,2020-12-25 21:50,-9999.0
,2020-12-25 21:51,-9999.0
,2020-12-25 21:52,-9999.0
,2020-12-25 21:53,-9999.0
,2020-12-25 21:54,-9999.0
,2020-12-25 21:55,-9999.0
,2020-12-25 21:56,-9999.0
,2020-12-25 21:57,-9999.0
,2020-12-25 21:58,-9999.0
,2020-12-25 21:59,-9999.0
,2020-12-25 22:00,-9999.0
,2020-12-25 22:01,-9999.0
,2020-12-25 22:02,-9999.0
,2020-12-25 22:03,-9999.0
,2020-12-25 22:04,-9999.0
,2020-12-25 22:05,-9999.0
,2020-12-25 22:06,-9999.0
,2020-12-25 22:07,-9999.0
,2020-12-25 22:08,-9999.0
,2020-12-25 22:09,-9999.0
,2020-12-25 22:10,-9999.0
,2020-12-25 22:11,-9999.0
,2020-12-25 22:12,-9999.0
,2020-12-25 22:13,-9999.0
,2020-12-25 22:14,-9999.0
,2020-12-25 22:15,-9999.0
,2020-12-25 22:16,-9999.0
,2020-12-25 22:17,-9999.0
,2020-12-25 22:18,-9999.0
,2020-12-25 22:19,-9999.0
,2020-12-25 22:20,-9999.0
,2020-12-25 22:21,-9999.0
,2020-12-25 22:22,-9999.0
,2020-12-25 22:23,-9999.0
,2020-12-25 22:24,-9999.0
,2020-12-25 22:25,-9999.0
,2020-12-25 22:26,-9999.0
,2020-12-25 22:27,-9999.0
,2020-12-25 22:28,-9999.0
,2020-12-25 22:29,-9999.0
,2020-12-25 22:30,-9999.0
,2020-12-25 22:31,-9999.0
,2020-12-25 22:32,-9999.0
,2020-12-25 22:33,-9999.0
,2020-12-25 22:34,-9999.0
,2020-12-25 22:35,-9999.0
,2020-12-25 22:36,-9999.0
,2020-12-25 22:37,-9999.0
,2020-12-25 22:38,-9999.0
,2020-12-25 22:39,-9999.0
,2020-12-25 22:40,-9999.0
,2020-12-25 22:41,-9999.0
,2020-12-25 22:42,-9999.0
,2020-12-25 22:43,-9999.0
,2020-12-25 22:44,-9999.0
,2020-12-25 22:45,-9999.0
,2020-12-25 22:46,-9999.0
,2020-12-25 22:47,-9999.0
,2020-12-25 22:48,-9999.0
,2020-12-25 22:49,-9999.0
,2020-12-25 22:50,-9999.0
,2020-12-25 22:51,-9999.0
,2020-12-25 22:52,-9999.0
,2020-12-25 22:53,-9999.0
,2020-12-25 22:54,-9999.0
,2020-12-25 22:55,-9999.0
,2020-12-25 22:56,-9999.0
,2020-12-25 22:57,-9999.0
,2020-12-25 22:58,-9999.0
,2020-12-25 22:59,-9999.0
,2020-12-25 23:00,-9999.0
,2020-12-25 23:01,-9999.0
,2020-12-25 23:02,-9999.0
,2020-12-25 23:03,-9999.0
,2020-12-25 23:04,-9999.0
,2020-12-25 23:05,-9999.0
,2020-12-25 23:06,-9999.0
,2020-12-25 23:07,-9999.0
,2020-12-25 23:08,-9999.0
,2020-12-25 23:09,-9999.0
,2020-12-25 23:10,-9999.0
,2020-12-25 23:11,-9999.0
,2020-12-25 23:12,-9999.0
,2020-12-25 23:13,-9999.0
,2020-12-25 23:14,-9999.0
,2020-12-25 23:15,-9999.0
,2020-12-25 23:16,-9999.0
,2020-12-25 23:17,-9999.0
,2020-12-25 23:18,-9999.0
,2020-12-25 23:19,-9999.0
,2020-12-25 23:20,-9999.0
,2020-12-25 23:21,-9999.0
,2020-12-25 23:22,-9999.0
,2020-12-25 23:23,-9999.0
,2020-12-25 23:24,-9999.0
,2020-12-25 23:25,-9999.0
,2020-12-25 23:26,-9999.0
,2020-12-25 23:27,-9999.0
,2020-12-25 23:28,-9999.0
,2020-12-25 23:29,-9999.0
,2020-12-25 23:30,-9999.0
,2020-12-25 23:31,-9999.0
,2020-12-25 23:32,-9999.0
,2020-12-25 23:33,-9999.0
,2020-12-25 23:34,-9999.0
,2020-12-25 23:35,-9999.0
,2020-12-25 23:36,-9999.0
,2020-12-25 23:37,-9999.0
,2020-12-25 23:38,-9999.0
,2020-12-25 23:39,-9999.0
,2020-12-25 23:40,-9999.0
,2020-12-25 23:41,-9999.0
,2020-12-25 23:42,-9999.0
,2020-12-25 23:43,-9999.0
,2020-12-25 23:44,-9999.0
,2020-12-25 23:45,-9999.0
,2020-12-25 23:46,-9999.0
,2020-12-25 23:47,-9999.0
,2020-12-25 23:48,-9999.0
,2020-12-25 23:49,-9999.0
,2020-12-25 23:50,-9999.0
,2020-12-25 23:51,-9999.0
,2020-12-25 23:52,-9999.0
,2020-12-25 23:53,-9999.0
,2020-12-25 23:54,-9999.0
,2020-12-25 23:55,-9999.0
,2020-12-25 23:56,-9999.0
,2020-12-25 23:57,-9999.0
,2020-12-25 23:58,-9999.0
,2020-12-25 23:59,-9999.0
,2020-12-26 00:00,-9999.0
,2020-12-26 00:01,-9999.0
,2020-12-26 00:02,-9999.0
,2020-12-26 00:03,-9999.0
,2020-12-26 00:04,-9999.0
,2020-12-26 00:05,-9999.0
,2020-12-26 00:06,-9999.0
,2020-12-26 00:07,-9999.0
,2020-12-26 00:08,-9999.0
,2020-12-26 00:09,-9999.0
,2020-12-26 00:10,-9999.0
,2020-12-26 00:11,-9999.0
,2020-12-26 00:12,-9999.0
,2020-12-26 00:13,-9999.0
,2020-12-26 00:14,-9999.0
,2020-12-26 00:15,-9999.0
,2020-12-26 00:16,-9999.0
,2020-12-26 00:17,-9999.0
,2020-12-26 00:18,-9999.0
,2020-12-26 00:19,-9999.0
,2020-12-26 00:20,-9999.0
,2020-12-26 00:21,-9999.0
,2020-12-26 00:22,-9999.0
,2020-12-26 00:23,-9999.0
,2020-12-26 00:24,-9999.0
,2020-12-26 00:25,-9999.0
,2020-12-26 00:26,-9999.0
,2020-12-26 00:27,-9999.0
,2020-12-26 00:28,-9999.0
,2020-12-26 00:29,-9999.0
,2020-12-26 00:30,-9999.0
,2020-12-26 00:31,-9999.0
,2020-12-26 00:32,-9999.0
,2020-12-26 00:33,-9999.0
,2020-12-26 00:34,-9999.0
,2020-12-26 00:35,-9999.0
,2020-12-26 00:36,-9999.0
,2020-12-26 00:37,-9999.0
,2020-12-26 00:38,-9999.0
,2020-12-26 00:39,-9999.0
,2020-12-26 00:40,-9999.0
,2020-12-26 00:41,-9999.0
,2020-12-26 00:42,-9999.0
,2020-12-26 00:43,-9999.0
,2020-12-26 00:44,-9999.0
,2020-12-26 00:45,-9999.0
,2020-12-26 00:46,-9999.0
,2020-12-26 00:47,-9999.0
,2020-12-26 00:48,-9999.0
,2020-12-26 00:49,-9999.0
,2020-12-26 00:50,-9999.0
,2020-12-26 00:51,-9999.0
,2020-12-26 00:52,-9999.0
,2020-12-26 00:53,-9999.0
,2020-12-26 00:54,-9999.0
,2020-12-26 00:55,-9999.0
,2020-12-26 00:56,-9999.0
,2020-12-26 00:57,-9999.0
,2020-12-26 00:58,-9999.0
,2020-12-26 00:59,-9999.0
,2020-12-26 01:00,-9999.0
,2020-12-26 01:01,-9999.0
,2020-12-26 01:02,-9999.0
,2020-12-26 01:03,-9999.0
,2020-12-26 01:04,-9999.0
,2020-12-26 01:05,-9999.0
,2020-12-26 01:06,-9999.0
,2020-12-26 01:07,-9999.0
,2020-12-26 01:08,-9999.0
,2020-12-26 01:09,-9999.0
,2020-12-26 01:10,-9999.0
,2020-12-26 01:11,-9999.0
,2020-12-26 01:12,-9999.0
,2020-12-26 01:13,-9999.0
,2020-12-26 01:14,-9999.0
,2020-12-26 01:15,-9999.0
,2020-12-26 01:16,-9999.0
,2020-12-26 01:17,-9999.0
,2020-12-26 01:18,-9999.0
,2020-12-26 01:19,-9999.0
,2020-12-26 01:20,-9999.0
,2020-12-26 01:21,-9999.0
,2020-12-26 01:22,-9999.0
,2020-12-26 01:23,-9999.0
,2020-12-26 01:24,-9999.0
,2020-12-26 01:25,-9999.0
,2020-12-26 01:26,-9999.0
,2020-12-26 01:27,-9999.0
,2020-12-26 01:28,-9999.0
,2020-12-26 01:29,-9999.0
,2020-12-26 01:30,-9999.0
,2020-12-26 01:31,-9999.0
,2020-12-26 01:32,-9999.0
,2020-12-26 01:33,-9999.0
,2020-12-26 01:34,-9999.0
,2020-12-26 01:35,-9999.0
,2020-12-26 01:36,-9999.0
,2020-12-26 01:37,-9999.0
,2020-12-26 01:38,-9999.0
,2020-12-26 01:39,-9999.0
,2020-12-26 01:40,-9999.0
,2020-12-26 01:41,-9999.0
,2020-12-26 01:42,-9999.0
,2020-12-26 01:43,-9999.0
,2020-12-26 01:44,-9999.0
,2020-12-26 01:45,-9999.0
,2020-12-26 01:46,-9999.0
,2020-12-26 01:47,-9999.0
,2020-12-26 01:48,-9999.0
,2020-12-26 01:49,-9999.0
,2020-12-26 01:50,-9999.0
,2020-12-26 01:51,-9999.0
,2020-12-26 01:52,-9999.0
,2020-12-26 01:53,-9999.0
,2020-12-26 01:54,-9999.0
,2020-12-26 01:55,-9999.0
,2020-12-26 01:56,-9999.0
,2020-12-26 01:57,-9999.0
,2020-12-26 01:58,-9999.0
,2020-12-26 01:59,-9999.0
,2020-12-26 02:00,-9999.0
,2020-12-26 02:01,-9999.0
,2020-12-26 02:02,-9999.0
,2020-12-26 02:03,-9999.0
,2020-12-26 02:04,-9999.0
,2020-12-26 02:05,-9999.0
,2020-12-26 02:06,-9999.0
,2020-12-26 02:07,-9999.0
,2020-12-26 02:08,-9999.0
,2020-12-26 02:09,-9999.0
,2020-12-26 02:10,-9999.0
,2020-12-26 02:11,-9999.0
,2020-12-26 02:12,-9999.0
,2020-12-26 02:13,-9999.0
,2020-12-26 02:14,-9999.0
,2020-12-26 02:15,-9999.0
,2020-12-26 02:16,-9999.0
,2020-12-26 02:17,-9999.0
,2020-12-26 02:18,-9999.0
,2020-12-26 02:19,-9999.0
,2020-12-26 02:20,-9999.0
,2020-12-26 02:21,-9999.0
,2020-12-26 02:22,-9999.0
,2020-12-26 02:23,-9999.0
,2020-12-26 02:24,-9999.0
,2020-12-26 02:25,-9999.0
,2020-12-26 02:26,-9999.0
,2020-12-26 02:27,-9999.0
,2020-12-26 02:28,-9999.0
,2020-12-26 02:29,-9999.0
,2020-12-26 02:30,-9999.0
,2020-12-26 02:31,-9999.0
,2020-12-26 02:32,-9999.0
,2020-12-26 02:33,-9999.0
,2020-12-26 02:34,-9999.0
,2020-12-26 02:35,-9999.0
,2020-12-26 02:36,-9999.0
,2020-12-26 02:37,-9999.0
,2020-12-26 02:38,-9999.0
,2020-12-26 02:39,-9999.0
,2020-12-26 02:40,-9999.0
,2020-12-26 02:41,-9999.0
,2020-12-26 02:42,-9999.0
,2020-12-26 02:43,-9999.0
,2020-12-26 02:44,-9999.0
,2020-12-26 02:45,-9999.0
,2020-12-26 02:46,-9999.0
,2020-12-26 02:47,-9999.0
,2020-12-26 02:48,-9999.0
,2020-12-26 02:49,-9999.0
,2020-12-26 02:50,-9999.0
,2020-12-26 02:51,-9999.0
,2020-12-26 02:52,-9999.0
,2020-12-26 02:53,-9999.0
,2020-12-26 02:54,-9999.0
,2020-12-26 02:55,-9999.0
,2020-12-26 02:56,-9999.0
,2020-12-26 02:57,-9999.0
,2020-12-26 02:58,-9999.0
,2020-12-26 02:59,-9999.0
,2020-12-26 03:00,-9999.0
,2020-12-26 03:01,-9999.0
,2020-12-26 03:02,-9999.0
,2020-12-26 03:03,-9999.0
,2020-12-26 03:04,-9999.0
,2020-12-26 03:05,-9999.0
,2020-12-26 03:06,-9999.0
,2020-12-26 03:07,-9999.0
,2020-12-26 03:08,-9999.0
,2020-12-26 03:09,-9999.0
,2020-12-26 03:10,-9999.0
,2020-12-26 03:11,-9999.0
,2020-12-26 03:12,-9999.0
,2020-12-26 03:13,-9999.0
,2020-12-26 03:14,-9999.0
,2020-12-26 03:15,-9999.0
,2020-12-26 03:16,-9999.0
,2020-12-26 03:17,-9999.0
,2020-12-26 03:18,-9999.0
,2020-12-26 03:19,-9999.0
,2020-12-26 03:20,-9999.0
,2020-12-26 03:21,-9999.0
,2020-12-26 03:22,-9999.0
,2020-12-26 03:23,-9999.0
,2020-12-26 03:24,-9999.0
,2020-12-26 03:25,-9999.0
,2020-12-26 03:26,-9999.0
,2020-12-26 03:27,-9999.0
,2020-12-26 03:28,-9999.0
,2020-12-26 03:29,-9999.0
,2020-12-26 03:30,-9999.0
,2020-12-26 03:31,-9999.0
,2020-12-26 03:32,-9999.0
,2020-12-26 03:33,-9999.0
,2020-12-26 03:34,-9999.0
,2020-12-26 03:35,-9999.0
,2020-12-26 03:36,-9999.0
,2020-12-26 03:37,-9999.0
,2020-12-26 03:38,-9999.0
,2020-12-26 03:39,-9999.0
,2020-12-26 03:40,-9999.0
,2020-12-26 03:41,-9999.0
,2020-12-26 03:42,-9999.0
,2020-12-26 03:43,-9999.0
,2020-12-26 03:44,-9999.0
,2020-12-26 03:45,-9999.0
,2020-12-26 03:46,-9999.0
,2020-12-26 03:47,-9999.0
,2020-12-26 03:48,-9999.0
,2020-12-26 03:49,-9999.0
,2020-12-26 03:50,-9999.0
,2020-12-26 03:51,-9999.0
,2020-12-26 03:52,-9999.0
,2020-12-26 03:53,-9999.0
,2020-12-26 03:54,-9999.0
,2020-12-26 03:55,-9999.0
,2020-12-26 03:56,-9999.0
,2020-12-26 03:57,-9999.0
,2020-12-26 03:58,-9999.0
,2020-12-26 03:59,-9999.0
,2020-12-26 04:00,-9999.0
,2020-12-26 04:01,-9999.0
,2020-12-26 04:02,-9999.0
,2020-12-26 04:03,-9999.0
,2020-12-26 04:04,-9999.0
,2020-12-26 04:05,-9999.0
,2020-12-26 04:06,-9999.0
,2020-12-26 04:07,-9999.0
,2020-12-26 04:08,-9999.0
,2020-12-26 04:09,-9999.0
,2020-12-26 04:10,-9999.0
,2020-12-26 04:11,-9999.0
,2020-12-26 04:12,-9999.0
,2020-12-26 04:13,-9999.0
,2020-12-26 04:14,-9999.0
,2020-12-26 04:15,-9999.0
,2020-12-26 04:16,-9999.0
,2020-12-26 04:17,-9999.0
,2020-12-26 04:18,-9999.0
,2020-12-26 04:19,-9999.0
,2020-12-26 04:20,-9999.0
,2020-12-26 04:21,-9999.0
,2020-12-26 04:22,-9999.0
,2020-12-26 04:23,-9999.0
,2020-12-26 04:24,-9999.0
,2020-12-26 04:25,-9999.0
,2020-12-26 04:26,-9999.0
,2020-12-26 04:27,-9999.0
,2020-12-26 04:28,-9999.0
,2020-12-26 04:29,-9999.0
,2020-12-26 04:30,-9999.0
,2020-12-26 04:31,-9999.0
,2020-12-26 04:32,-9999.0
,2020-12-26 04:33,-9999.0
,2020-12-26 04:34,-9999.0
,2020-12-26 04:35,-9999.0
,2020-12-26 04:36,-9999.0
,2020-12-26 04:37,-9999.0
,2020-12-26 04:38,-9999.0
,2020-12-26 04:39,-9999.0
,2020-12-26 04:40,-9999.0
,2020-12-26 04:41,-9999.0
,2020-12-26 04:42,-9999.0
,2020-12-26 04:43,-9999.0
,2020-12-26 04:44,-9999.0
,2020-12-26 04:45,-9999.0
,2020-12-26 04:46,-9999.0
,2020-12-26 04:47,-9999.0
,2020-12-26 04:48,-9999.0
,2020-12-26 04:49,-9999.0
,2020-12-26 04:50,-9999.0
,2020-12-26 04:51,-9999.0
,2020-12-26 04:52,-9999.0
,2020-12-26 04:53,-9999.0
,2020-12-26 04:54,-9999.0
,2020-12-26 04:55,-9999.0
,2020-12-26 04:56,-9999.0
,2020-12-26 04:57,-9999.0
,2020-12-26 04:58,-9999.0
,2020-12-26 04:59,-9999.0
,2020-12-26 05:00,-9999.0
,2020-12-26 05:01,-9999.0
,2020-12-26 05:02,-9999.0
,2020-12-26 05:03,-9999.0
,2020-12-26 05:04,-9999.0
,2020-12-26 05:05,-9999.0
,2020-12-26 05:06,-9999.0
,2020-12-26 05:07,-9999.0
,2020-12-26 05:08,-9999.0
,2020-12-26 05:09,-9999.0
,2020-12-26 05:10,-9999.0
,2020-12-26 05:11,-9999.0
,2020-12-26 05:12,-9999.0
,2020-12-26 05:13,-9999.0
,2020-12-26 05:14,-9999.0
,2020-12-26 05:15,-9999.0
,2020-12-26 05:16,-9999.0
,2020-12-26 05:17,-9999.0
,2020-12-26 05:18,-9999.0
,2020-12-26 05:19,-9999.0
,2020-12-26 05:20,-9999.0
,2020-12-26 05:21,-9999.0
,2020-12-26 05:22,-9999.0
,2020-12-26 05:23,-9999.0
,2020-12-26 05:24,-9999.0
,2020-12-26 05:25,-9999.0
,2020-12-26 05:26,-9999.0
,2020-12-26 05:27,-9999.0
,2020-12-26 05:28,-9999.0
,2020-12-26 05:29,-9999.0
,2020-12-26 05:30,-9999.0
,2020-12-26 05:31,-9999.0
,2020-12-26 05:32,-9999.0
,2020-12-26 05:33,-9999.0
,2020-12-26 05:34,-9999.0
,2020-12-26 05:35,-9999.0
,2020-12-26 05:36,-9999.0
,2020-12-26 05:37,-9999.0
,2020-12-26 05:38,-9999.0
,2020-12-26 05:39,-9999.0
,2020-12-26 05:40,-9999.0
,2020-12-26 05:41,-9999.0
,2020-12-26 05:42,-9999.0
,2020-12-26 05:43,-9999.0
,2020-12-26 05:44,-9999.0
,2020-12-26 05:45,-9999.0
,2020-12-26 05:46,-9999.0
,2020-12-26 05:47,-9999.0
,2020-12-26 05:48,-9999.0
,2020-12-26 05:49,-9999.0
,2020-12-26 05:50,-9999.0
,2020-12-26 05:51,-9999.0
,2020-12-26 05:52,-9999.0
,2020-12-26 05:53,-9999.0
,2020-12-26 05:54,-9999.0
,2020-12-26 05:55,-9999.0
,2020-12-26 05:56,-9999.0
,2020-12-26 05:57,-9999.0
,2020-12-26 05:58,-9999.0
,2020-12-26 05:59,-9999.0
,2020-12-26 06:00,-9999.0
,2020-12-26 06:01,-9999.0
,2020-12-26 06:02,-9999.0
,2020-12-26 06:03,-9999.0
,2020-12-26 06:04,-9999.0
,2020-12-26 06:05,-9999.0
,2020-12-26 06:06,-9999.0
,2020-12-26 06:07,-9999.0
,2020-12-26 06:08,-9999.0
,2020-12-26 06:09,-9999.0
,2020-12-26 06:10,-9999.0
,2020-12-26 06:11,-9999.0
,2020-12-26 06:12,-9999.0
,2020-12-26 06:13,-9999.0
,2020-12-26 06:14,-9999.0
,2020-12-26 06:15,-9999.0
,2020-12-26 06:16,-9999.0
,2020-12-26 06:17,-9999.0
,2020-12-26 06:18,-9999.0
,2020-12-26 06:19,-9999.0
,2020-12-26 06:20,-9999.0
,2020-12-26 06:21,-9999.0
,2020-12-26 06:22,-9999.0
,2020-12-26 06:23,-9999.0
,2020-12-26 06:24,-9999.0
,2020-12-26 06:25,-9999.0
,2020-12-26 06:26,-9999.0
,2020-12-26 06:27,-9999.0
,2020-12-26 06:28,-9999.0
,2020-12-26 06:29,-9999.0
,2020-12-26 06:30,-9999.0
,2020-12-26 06:31,-9999.0
,2020-12-26 06:32,-9999.0
,2020-12-26 06:33,-9999.0
,2020-12-26 06:34,-9999.0
,2020-12-26 06:35,-9999.0
,2020-12-26 06:36,-9999.0
,2020-12-26 06:37,-9999.0
,2020-12-26 06:38,-9999.0
,2020-12-26 06:39,-9999.0
,2020-12-26 06:40,-9999.0
,2020-12-26 06:41,-9999.0
,2020-12-26 06:42,-9999.0
,2020-12-26 06:43,-9999.0
,2020-12-26 06:44,-9999.0
,2020-12-26 06:45,-9999.0
,2020-12-26 06:46,-9999.0
,2020-12-26 06:47,-9999.0
,2020-12-26 06:48,-9999.0
,2020-12-26 06:49,-9999.0
,2020-12-26 06:50,-9999.0
,2020-12-26 06:51,-9999.0
,2020-12-26 06:52,-9999.0
,2020-12-26 06:53,-9999.0
,2020-12-26 06:54,-9999.0
,2020-12-26 06:55,-9999.0
,2020-12-26 06:56,-9999.0
,2020-12-26 06:57,-9999.0
,2020-12-26 06:58,-9999.0
,2020-12-26 06:59,-9999.0
,2020-12-26 07:00,-9999.0
,2020-12-26 07:01,-9999.0
,2020-12-26 07:02,-9999.0
,2020-12-26 07:03,-9999.0
,2020-12-26 07:04,-9999.0
,2020-12-26 07:05,-9999.0
,2020-12-26 07:06,-9999.0
,2020-12-26 07:07,-9999.0
,2020-12-26 07:08,-9999.0
,2020-12-26 07:09,-9999.0
,2020-12-26 07:10,-9999.0
,2020-12-26 07:11,-9999.0
,2020-12-26 07:12,-9999.0
,2020-12-26 07:13,-9999.0
,2020-12-26 07:14,-9999.0
,2020-12-26 07:15,-9999.0
,2020-12-26 07:16,-9999.0
,2020-12-26 07:17,-9999.0
,2020-12-26 07:18,-9999.0
,2020-12-26 07:19,-9999.0
,2020-12-26 07:20,-9999.0
,2020-12-26 07:21,-9999.0
,2020-12-26 07:22,-9999.0
,2020-12-26 07:23,-9999.0
,2020-12-26 07:24,-9999.0
,2020-12-26 07:25,-9999.0
,2020-12-26 07:26,-9999.0
,2020-12-26 07:27,-9999.0
,2020-12-26 07:28,-9999.0
,2020-12-26 07:29,-9999.0
,2020-12-26 07:30,-9999.0
,2020-12-26 07:31,-9999.0
,2020-12-26 07:32,-9999.0
,2020-12-26 07:33,-9999.0
,2020-12-26 07:34,-9999.0
,2020-12-26 07:35,-9999.0
,2020-12-26 07:36,-9999.0
,2020-12-26 07:37,-9999.0
,2020-12-26 07:38,-9999.0
,2020-12-26 07:39,-9999.0
,2020-12-26 07:40,-9999.0
,2020-12-26 07:41,-9999.0
,2020-12-26 07:42,-9999.0
,2020-12-26 07:43,-9999.0
,2020-12-26 07:44,-9999.0
,2020-12-26 07:45,-9999.0
,2020-12-26 07:46,-9999.0
,2020-12-26 07:47,-9999.0
,2020-12-26 07:48,-9999.0
,2020-12-26 07:49,-9999.0
,2020-12-26 07:50,-9999.0
,2020-12-26 07:51,-9999.0
,2020-12-26 07:52,-9999.0
,2020-12-26 07:53,-9999.0
,2020-12-26 07:54,-9999.0
,2020-12-26 07:55,-9999.0
,2020-12-26 07:56,-9999.0
,2020-12-26 07:57,-9999.0
,2020-12-26 07:58,-9999.0
,2020-12-26 07:59,-9999.0
,2020-12-26 08:00,-9999.0
,2020-12-26 08:01,-9999.0
,2020-12-26 08:02,-9999.0
,2020-12-26 08:03,-9999.0
,2020-12-26 08:04,-9999.0
,2020-12-26 08:05,-9999.0
,2020-12-26 08:06,-9999.0
,2020-12-26 08:07,-9999.0
,2020-12-26 08:08,-9999.0
,2020-12-26 08:09,-9999.0
,2020-12-26 08:10,-9999.0
,2020-12-26 08:11,-9999.0
,2020-12-26 08:12,-9999.0
,2020-12-26 08:13,-9999.0
,2020-12-26 08:14,-9999.0
,2020-12-26 08:15,-9999.0
,2020-12-26 08:16,-9999.0
,2020-12-26 08:17,-9999.0
,2020-12-26 08:18,-9999.0
,2020-12-26 08:19,-9999.0
,2020-12-26 08:20,-9999.0
,2020-12-26 08:21,-9999.0
,2020-12-26 08:22,-9999.0
,2020-12-26 08:23,-9999.0
,2020-12-26 08:24,-9999.0
,2020-12-26 08:25,-9999.0
,2020-12-26 08:26,-9999.0
,2020-12-26 08:27,-9999.0
,2020-12-26 08:28,-9999.0
,2020-12-26 08:29,-9999.0
,2020-12-26 08:30,-9999.0
,2020-12-26 08:31,-9999.0
,2020-12-26 08:32,-9999.0
,2020-12-26 08:33,-9999.0
,2020-12-26 08:34,-9999.0
,2020-12-26 08:35,-9999.0
,2020-12-26 08:36,-9999.0
,2020-12-26 08:37,-9999.0
,2020-12-26 08:38,-9999.0
,2020-12-26 08:39,-9999.0
,2020-12-26 08:40,-9999.0
,2020-12-26 08:41,-9999.0
,2020-12-26 08:42,-9999.0
,2020-12-26 08:43,-9999.0
,2020-12-26 08:44,-9999.0
,2020-12-26 08:45,-9999.0
,2020-12-26 08:46,-9999.0
,2020-12-26 08:47,-9999.0
,2020-12-26 08:48,-9999.0
,2020-12-26 08:49,-9999.0
,2020-12-26 08:50,-9999.0
,2020-12-26 08:51,-9999.0
,2020-12-26 08:52,-9999.0
,2020-12-26 08:53,-9999.0
,2020-12-26 08:54,-9999.0
,2020-12-26 08:55,-9999.0
,2020-12-26 08:56,-9999.0
,2020-12-26 08:57,-9999.0
,2020-12-26 08:58,-9999.0
,2020-12-26 08:59,-9999.0
,2020-12-26 09:00,-9999.0
,2020-12-26 09:01,-9999.0
,2020-12-26 09:02,-9999.0
,2020-12-26 09:03,-9999.0
,2020-12-26 09:04,-9999.0
,2020-12-26 09:05,-9999.0
,2020-12-26 09:06,-9999.0
,2020-12-26 09:07,-9999.0
,2020-12-26 09:08,-9999.0
,2020-12-26 09:09,-9999.0
,2020-12-26 09:10,-9999.0
,2020-12-26 09:11,-9999.0
,2020-12-26 09:12,-9999.0
,2020-12-26 09:13,-9999.0
,2020-12-26 09:14,-9999.0
,2020-12-26 09:15,-9999.0
,2020-12-26 09:16,-9999.0
,2020-12-26 09:17,-9999.0
,2020-12-26 09:18,-9999.0
,2020-12-26 09:19,-9999.0
,2020-12-26 09:20,-9999.0
,2020-12-26 09:21,-9999.0
,2020-12-26 09:22,-9999.0
,2020-12-26 09:23,-9999.0
,2020-12-26 09:24,-9999.0
,2020-12-26 09:25,-9999.0
,2020-12-26 09:26,-9999.0
,2020-12-26 09:27,-9999.0
,2020-12-26 09:28,-9999.0
,2020-12-26 09:29,-9999.0
,2020-12-26 09:30,-9999.0
,2020-12-26 09:31,-9999.0
,2020-12-26 09:32,-9999.0
,2020-12-26 09:33,-9999.0
,2020-12-26 09:34,-9999.0
,2020-12-26 09:35,-9999.0
,2020-12-26 09:36,-9999.0
,2020-12-26 09:37,-9999.0
,2020-12-26 09:38,-9999.0
,2020-12-26 09:39,-9999.0
,2020-12-26 09:40,-9999.0
,2020-12-26 09:41,-9999.0
,2020-12-26 09:42,-9999.0
,2020-12-26 09:43,-9999.0
,2020-12-26 09:44,-9999.0
,2020-12-26 09:45,-9999.0
,2020-12-26 09:46,-9999.0
,2020-12-26 09:47,-9999.0
,2020-12-26 09:48,-9999.0
,2020-12-26 09:49,-9999.0
,2020-12-26 09:50,-9999.0
,2020-12-26 09:51,-9999.0
,2020-12-26 09:52,-9999.0
,2020-12-26 09:53,-9999.0
,2020-12-26 09:54,-9999.0
,2020-12-26 09:55,-9999.0
,2020-12-26 09:56,-9999.0
,2020-12-26 09:57,-9999.0
,2020-12-26 09:58,-9999.0
,2020-12-26 09:59,-9999.0
,2020-12-26 10:00,-9999.0
,2020-12-26 10:01,-9999.0
,2020-12-26 10:02,-9999.0
,2020-12-26 10:03,-9999.0
,2020-12-26 10:04,-9999.0
,2020-12-26 10:05,-9999.0
,2020-12-26 10:06,-9999.0
,2020-12-26 10:07,-9999.0
,2020-12-26 10:08,-9999.0
,2020-12-26 10:09,-9999.0
,2020-12-26 10:10,-9999.0
,2020-12-26 10:11,-9999.0
,2020-12-26 10:12,-9999.0
,2020-12-26 10:13,-9999.0
,2020-12-26 10:14,-9999.0
,2020-12-26 10:15,-9999.0
,2020-12-26 10:16,-9999.0
,2020-12-26 10:17,-9999.0
,2020-12-26 10:18,-9999.0
,2020-12-26 10:19,-9999.0
,2020-12-26 10:20,-9999.0
,2020-12-26 10:21,-9999.0
,2020-12-26 10:22,-9999.0
,2020-12-26 10:23,-9999.0
,2020-12-26 10:24,-9999.0
,2020-12-26 10:25,-9999.0
,2020-12-26 10:26,-9999.0
,2020-12-26 10:27,-9999.0
,2020-12-26 10:28,-9999.0
,2020-12-26 10:29,-9999.0
,2020-12-26 10:30,-9999.0
,2020-12-26 10:31,-9999.0
,2020-12-26 10:32,-9999.0
,2020-12-26 10:33,-9999.0
,2020-12-26 10:34,-9999.0
,2020-12-26 10:35,-9999.0
,2020-12-26 10:36,-9999.0
,2020-12-26 10:37,-9999.0
,2020-12-26 10:38,-9999.0
,2020-12-26 10:39,-9999.0
,2020-12-26 10:40,-9999.0
,2020-12-26 10:41,-9999.0
,2020-12-26 10:42,-9999.0
,2020-12-26 10:43,-9999.0
,2020-12-26 10:44,-9999.0
,2020-12-26 10:45,-9999.0
,2020-12-26 10:46,-9999.0
,2020-12-26 10:47,-9999.0
,2020-12-26 10:48,-9999.0
,2020-12-26 10:49,-9999.0
,2020-12-26 10:50,-9999.0
,2020-12-26 10:51,-9999.0
,2020-12-26 10:52,-9999.0
,2020-12-26 10:53,-9999.0
,2020-12-26 10:54,-9999.0
,2020-12-26 10:55,-9999.0
,2020-12-26 10:56,-9999.0
,2020-12-26 10:57,-9999.0
,2020-12-26 10:58,-9999.0
,2020-12-26 10:59,-9999.0
,2020-12-26 11:00,-9999.0
,2020-12-26 11:01,-9999.0
,2020-12-26 11:02,-9999.0
,2020-12-26 11:03,-9999.0
,2020-12-26 11:04,-9999.0
,2020-12-26 11:05,-9999.0
,2020-12-26 11:06,-9999.0
,2020-12-26 11:07,-9999.0
,2020-12-26 11:08,-9999.0
,2020-12-26 11:09,-9999.0
,2020-12-26 11:10,-9999.0
,2020-12-26 11:11,-9999.0
,2020-12-26 11:12,-9999.0
,2020-12-26 11:13,-9999.0
,2020-12-26 11:14,-9999.0
,2020-12-26 11:15,-9999.0
,2020-12-26 11:16,-9999.0
,2020-12-26 11:17,-9999.0
,2020-12-26 11:18,-9999.0
,2020-12-26 11:19,-9999.0
,2020-12-26 11:20,-9999.0
,2020-12-26 11:21,-9999.0
,2020-12-26 11:22,-9999.0
,2020-12-26 11:23,-9999.0
,2020-12-26 11:24,-9999.0
,2020-12-26 11:25,-9999.0
,2020-12-26 11:26,-9999.0
,2020-12-26 11:27,-9999.0
,2020-12-26 11:28,-9999.0
,2020-12-26 11:29,-9999.0
,2020-12-26 11:30,-9999.0
,2020-12-26 11:31,-9999.0
,2020-12-26 11:32,-9999.0
,2020-12-26 11:33,-9999.0
,2020-12-26 11:34,-9999.0
,2020-12-26 11:35,-9999.0
,2020-12-26 11:36,-9999.0
,2020-12-26 11:37,-9999.0
,2020-12-26 11:38,-9999.0
,2020-12-26 11:39,-9999.0
,2020-12-26 11:40,-9999.0
,2020-12-26 11:41,-9999.0
,2020-12-26 11:42,-9999.0
,2020-12-26 11:43,-9999.0
,2020-12-26 11:44,-9999.0
,2020-12-26 11:45,-9999.0
,2020-12-26 11:46,-9999.0
,2020-12-26 11:47,-9999.0
,2020-12-26 11:48,-9999.0
,2020-12-26 11:49,-9999.0
,2020-12-26 11:50,-9999.0
,2020-12-26 11:51,-9999.0
,2020-12-26 11:52,-9999.0
,2020-12-26 11:53,-9999.0
,2020-12-26 11:54,-9999.0
,2020-12-26 11:55,-9999.0
,2020-12-26 11:56,-9999.0
,2020-12-26 11:57,-9999.0
,2020-12-26 11:58,-9999.0
,2020-12-26 11:59,-9999.0
,2020-12-26 12:00,-9999.0
